Name,Label
nonDem0.jpg,0
nonDem1.jpg,0
nonDem10.jpg,0
nonDem100.jpg,0
nonDem1000.jpg,0
nonDem1001.jpg,0
nonDem1002.jpg,0
nonDem1003.jpg,0
nonDem1004.jpg,0
nonDem1005.jpg,0
nonDem1006.jpg,0
nonDem1007.jpg,0
nonDem1008.jpg,0
nonDem1009.jpg,0
nonDem101.jpg,0
nonDem1010.jpg,0
nonDem1011.jpg,0
nonDem1012.jpg,0
nonDem1013.jpg,0
nonDem1014.jpg,0
nonDem1015.jpg,0
nonDem1016.jpg,0
nonDem1017.jpg,0
nonDem1018.jpg,0
nonDem1019.jpg,0
nonDem102.jpg,0
nonDem1020.jpg,0
nonDem1021.jpg,0
nonDem1022.jpg,0
nonDem1023.jpg,0
nonDem1024.jpg,0
nonDem1025.jpg,0
nonDem1026.jpg,0
nonDem1027.jpg,0
nonDem1028.jpg,0
nonDem1029.jpg,0
nonDem103.jpg,0
nonDem1030.jpg,0
nonDem1031.jpg,0
nonDem1032.jpg,0
nonDem1033.jpg,0
nonDem1034.jpg,0
nonDem1035.jpg,0
nonDem1036.jpg,0
nonDem1037.jpg,0
nonDem1038.jpg,0
nonDem1039.jpg,0
nonDem104.jpg,0
nonDem1040.jpg,0
nonDem1041.jpg,0
nonDem1042.jpg,0
nonDem1043.jpg,0
nonDem1044.jpg,0
nonDem1045.jpg,0
nonDem1046.jpg,0
nonDem1047.jpg,0
nonDem1048.jpg,0
nonDem1049.jpg,0
nonDem105.jpg,0
nonDem1050.jpg,0
nonDem1051.jpg,0
nonDem1052.jpg,0
nonDem1053.jpg,0
nonDem1054.jpg,0
nonDem1055.jpg,0
nonDem1056.jpg,0
nonDem1057.jpg,0
nonDem1058.jpg,0
nonDem1059.jpg,0
nonDem106.jpg,0
nonDem1060.jpg,0
nonDem1061.jpg,0
nonDem1062.jpg,0
nonDem1063.jpg,0
nonDem1064.jpg,0
nonDem1065.jpg,0
nonDem1066.jpg,0
nonDem1067.jpg,0
nonDem1068.jpg,0
nonDem1069.jpg,0
nonDem107.jpg,0
nonDem1070.jpg,0
nonDem1071.jpg,0
nonDem1072.jpg,0
nonDem1073.jpg,0
nonDem1074.jpg,0
nonDem1075.jpg,0
nonDem1076.jpg,0
nonDem1077.jpg,0
nonDem1078.jpg,0
nonDem1079.jpg,0
nonDem108.jpg,0
nonDem1080.jpg,0
nonDem1081.jpg,0
nonDem1082.jpg,0
nonDem1083.jpg,0
nonDem1084.jpg,0
nonDem1085.jpg,0
nonDem1086.jpg,0
nonDem1087.jpg,0
nonDem1088.jpg,0
nonDem1089.jpg,0
nonDem109.jpg,0
nonDem1090.jpg,0
nonDem1091.jpg,0
nonDem1092.jpg,0
nonDem1093.jpg,0
nonDem1094.jpg,0
nonDem1095.jpg,0
nonDem1096.jpg,0
nonDem1097.jpg,0
nonDem1098.jpg,0
nonDem1099.jpg,0
nonDem11.jpg,0
nonDem110.jpg,0
nonDem1100.jpg,0
nonDem1101.jpg,0
nonDem1102.jpg,0
nonDem1103.jpg,0
nonDem1104.jpg,0
nonDem1105.jpg,0
nonDem1106.jpg,0
nonDem1107.jpg,0
nonDem1108.jpg,0
nonDem1109.jpg,0
nonDem111.jpg,0
nonDem1110.jpg,0
nonDem1111.jpg,0
nonDem1112.jpg,0
nonDem1113.jpg,0
nonDem1114.jpg,0
nonDem1115.jpg,0
nonDem1116.jpg,0
nonDem1117.jpg,0
nonDem1118.jpg,0
nonDem1119.jpg,0
nonDem112.jpg,0
nonDem1120.jpg,0
nonDem1121.jpg,0
nonDem1122.jpg,0
nonDem1123.jpg,0
nonDem1124.jpg,0
nonDem1125.jpg,0
nonDem1126.jpg,0
nonDem1127.jpg,0
nonDem1128.jpg,0
nonDem1129.jpg,0
nonDem113.jpg,0
nonDem1130.jpg,0
nonDem1131.jpg,0
nonDem1132.jpg,0
nonDem1133.jpg,0
nonDem1134.jpg,0
nonDem1135.jpg,0
nonDem1136.jpg,0
nonDem1137.jpg,0
nonDem1138.jpg,0
nonDem1139.jpg,0
nonDem114.jpg,0
nonDem1140.jpg,0
nonDem1141.jpg,0
nonDem1142.jpg,0
nonDem1143.jpg,0
nonDem1144.jpg,0
nonDem1145.jpg,0
nonDem1146.jpg,0
nonDem1147.jpg,0
nonDem1148.jpg,0
nonDem1149.jpg,0
nonDem115.jpg,0
nonDem1150.jpg,0
nonDem1151.jpg,0
nonDem1152.jpg,0
nonDem1153.jpg,0
nonDem1154.jpg,0
nonDem1155.jpg,0
nonDem1156.jpg,0
nonDem1157.jpg,0
nonDem1158.jpg,0
nonDem1159.jpg,0
nonDem116.jpg,0
nonDem1160.jpg,0
nonDem1161.jpg,0
nonDem1162.jpg,0
nonDem1163.jpg,0
nonDem1164.jpg,0
nonDem1165.jpg,0
nonDem1166.jpg,0
nonDem1167.jpg,0
nonDem1168.jpg,0
nonDem1169.jpg,0
nonDem117.jpg,0
nonDem1170.jpg,0
nonDem1171.jpg,0
nonDem1172.jpg,0
nonDem1173.jpg,0
nonDem1174.jpg,0
nonDem1175.jpg,0
nonDem1176.jpg,0
nonDem1177.jpg,0
nonDem1178.jpg,0
nonDem1179.jpg,0
nonDem118.jpg,0
nonDem1180.jpg,0
nonDem1181.jpg,0
nonDem1182.jpg,0
nonDem1183.jpg,0
nonDem1184.jpg,0
nonDem1185.jpg,0
nonDem1186.jpg,0
nonDem1187.jpg,0
nonDem1188.jpg,0
nonDem1189.jpg,0
nonDem119.jpg,0
nonDem1190.jpg,0
nonDem1191.jpg,0
nonDem1192.jpg,0
nonDem1193.jpg,0
nonDem1194.jpg,0
nonDem1195.jpg,0
nonDem1196.jpg,0
nonDem1197.jpg,0
nonDem1198.jpg,0
nonDem1199.jpg,0
nonDem12.jpg,0
nonDem120.jpg,0
nonDem1200.jpg,0
nonDem1201.jpg,0
nonDem1202.jpg,0
nonDem1203.jpg,0
nonDem1204.jpg,0
nonDem1205.jpg,0
nonDem1206.jpg,0
nonDem1207.jpg,0
nonDem1208.jpg,0
nonDem1209.jpg,0
nonDem121.jpg,0
nonDem1210.jpg,0
nonDem1211.jpg,0
nonDem1212.jpg,0
nonDem1213.jpg,0
nonDem1214.jpg,0
nonDem1215.jpg,0
nonDem1216.jpg,0
nonDem1217.jpg,0
nonDem1218.jpg,0
nonDem1219.jpg,0
nonDem122.jpg,0
nonDem1220.jpg,0
nonDem1221.jpg,0
nonDem1222.jpg,0
nonDem1223.jpg,0
nonDem1224.jpg,0
nonDem1225.jpg,0
nonDem1226.jpg,0
nonDem1227.jpg,0
nonDem1228.jpg,0
nonDem1229.jpg,0
nonDem123.jpg,0
nonDem1230.jpg,0
nonDem1231.jpg,0
nonDem1232.jpg,0
nonDem1233.jpg,0
nonDem1234.jpg,0
nonDem1235.jpg,0
nonDem1236.jpg,0
nonDem1237.jpg,0
nonDem1238.jpg,0
nonDem1239.jpg,0
nonDem124.jpg,0
nonDem1240.jpg,0
nonDem1241.jpg,0
nonDem1242.jpg,0
nonDem1243.jpg,0
nonDem1244.jpg,0
nonDem1245.jpg,0
nonDem1246.jpg,0
nonDem1247.jpg,0
nonDem1248.jpg,0
nonDem1249.jpg,0
nonDem125.jpg,0
nonDem1250.jpg,0
nonDem1251.jpg,0
nonDem1252.jpg,0
nonDem1253.jpg,0
nonDem1254.jpg,0
nonDem1255.jpg,0
nonDem1256.jpg,0
nonDem1257.jpg,0
nonDem1258.jpg,0
nonDem1259.jpg,0
nonDem126.jpg,0
nonDem1260.jpg,0
nonDem1261.jpg,0
nonDem1262.jpg,0
nonDem1263.jpg,0
nonDem1264.jpg,0
nonDem1265.jpg,0
nonDem1266.jpg,0
nonDem1267.jpg,0
nonDem1268.jpg,0
nonDem1269.jpg,0
nonDem127.jpg,0
nonDem1270.jpg,0
nonDem1271.jpg,0
nonDem1272.jpg,0
nonDem1273.jpg,0
nonDem1274.jpg,0
nonDem1275.jpg,0
nonDem1276.jpg,0
nonDem1277.jpg,0
nonDem1278.jpg,0
nonDem1279.jpg,0
nonDem128.jpg,0
nonDem1280.jpg,0
nonDem1281.jpg,0
nonDem1282.jpg,0
nonDem1283.jpg,0
nonDem1284.jpg,0
nonDem1285.jpg,0
nonDem1286.jpg,0
nonDem1287.jpg,0
nonDem1288.jpg,0
nonDem1289.jpg,0
nonDem129.jpg,0
nonDem1290.jpg,0
nonDem1291.jpg,0
nonDem1292.jpg,0
nonDem1293.jpg,0
nonDem1294.jpg,0
nonDem1295.jpg,0
nonDem1296.jpg,0
nonDem1297.jpg,0
nonDem1298.jpg,0
nonDem1299.jpg,0
nonDem13.jpg,0
nonDem130.jpg,0
nonDem1300.jpg,0
nonDem1301.jpg,0
nonDem1302.jpg,0
nonDem1303.jpg,0
nonDem1304.jpg,0
nonDem1305.jpg,0
nonDem1306.jpg,0
nonDem1307.jpg,0
nonDem1308.jpg,0
nonDem1309.jpg,0
nonDem131.jpg,0
nonDem1310.jpg,0
nonDem1311.jpg,0
nonDem1312.jpg,0
nonDem1313.jpg,0
nonDem1314.jpg,0
nonDem1315.jpg,0
nonDem1316.jpg,0
nonDem1317.jpg,0
nonDem1318.jpg,0
nonDem1319.jpg,0
nonDem132.jpg,0
nonDem1320.jpg,0
nonDem1321.jpg,0
nonDem1322.jpg,0
nonDem1323.jpg,0
nonDem1324.jpg,0
nonDem1325.jpg,0
nonDem1326.jpg,0
nonDem1327.jpg,0
nonDem1328.jpg,0
nonDem1329.jpg,0
nonDem133.jpg,0
nonDem1330.jpg,0
nonDem1331.jpg,0
nonDem1332.jpg,0
nonDem1333.jpg,0
nonDem1334.jpg,0
nonDem1335.jpg,0
nonDem1336.jpg,0
nonDem1337.jpg,0
nonDem1338.jpg,0
nonDem1339.jpg,0
nonDem134.jpg,0
nonDem1340.jpg,0
nonDem1341.jpg,0
nonDem1342.jpg,0
nonDem1343.jpg,0
nonDem1344.jpg,0
nonDem1345.jpg,0
nonDem1346.jpg,0
nonDem1347.jpg,0
nonDem1348.jpg,0
nonDem1349.jpg,0
nonDem135.jpg,0
nonDem1350.jpg,0
nonDem1351.jpg,0
nonDem1352.jpg,0
nonDem1353.jpg,0
nonDem1354.jpg,0
nonDem1355.jpg,0
nonDem1356.jpg,0
nonDem1357.jpg,0
nonDem1358.jpg,0
nonDem1359.jpg,0
nonDem136.jpg,0
nonDem1360.jpg,0
nonDem1361.jpg,0
nonDem1362.jpg,0
nonDem1363.jpg,0
nonDem1364.jpg,0
nonDem1365.jpg,0
nonDem1366.jpg,0
nonDem1367.jpg,0
nonDem1368.jpg,0
nonDem1369.jpg,0
nonDem137.jpg,0
nonDem1370.jpg,0
nonDem1371.jpg,0
nonDem1372.jpg,0
nonDem1373.jpg,0
nonDem1374.jpg,0
nonDem1375.jpg,0
nonDem1376.jpg,0
nonDem1377.jpg,0
nonDem1378.jpg,0
nonDem1379.jpg,0
nonDem138.jpg,0
nonDem1380.jpg,0
nonDem1381.jpg,0
nonDem1382.jpg,0
nonDem1383.jpg,0
nonDem1384.jpg,0
nonDem1385.jpg,0
nonDem1386.jpg,0
nonDem1387.jpg,0
nonDem1388.jpg,0
nonDem1389.jpg,0
nonDem139.jpg,0
nonDem1390.jpg,0
nonDem1391.jpg,0
nonDem1392.jpg,0
nonDem1393.jpg,0
nonDem1394.jpg,0
nonDem1395.jpg,0
nonDem1396.jpg,0
nonDem1397.jpg,0
nonDem1398.jpg,0
nonDem1399.jpg,0
nonDem14.jpg,0
nonDem140.jpg,0
nonDem1400.jpg,0
nonDem1401.jpg,0
nonDem1402.jpg,0
nonDem1403.jpg,0
nonDem1404.jpg,0
nonDem1405.jpg,0
nonDem1406.jpg,0
nonDem1407.jpg,0
nonDem1408.jpg,0
nonDem1409.jpg,0
nonDem141.jpg,0
nonDem1410.jpg,0
nonDem1411.jpg,0
nonDem1412.jpg,0
nonDem1413.jpg,0
nonDem1414.jpg,0
nonDem1415.jpg,0
nonDem1416.jpg,0
nonDem1417.jpg,0
nonDem1418.jpg,0
nonDem1419.jpg,0
nonDem142.jpg,0
nonDem1420.jpg,0
nonDem1421.jpg,0
nonDem1422.jpg,0
nonDem1423.jpg,0
nonDem1424.jpg,0
nonDem1425.jpg,0
nonDem1426.jpg,0
nonDem1427.jpg,0
nonDem1428.jpg,0
nonDem1429.jpg,0
nonDem143.jpg,0
nonDem1430.jpg,0
nonDem1431.jpg,0
nonDem1432.jpg,0
nonDem1433.jpg,0
nonDem1434.jpg,0
nonDem1435.jpg,0
nonDem1436.jpg,0
nonDem1437.jpg,0
nonDem1438.jpg,0
nonDem1439.jpg,0
nonDem144.jpg,0
nonDem1440.jpg,0
nonDem1441.jpg,0
nonDem1442.jpg,0
nonDem1443.jpg,0
nonDem1444.jpg,0
nonDem1445.jpg,0
nonDem1446.jpg,0
nonDem1447.jpg,0
nonDem1448.jpg,0
nonDem1449.jpg,0
nonDem145.jpg,0
nonDem1450.jpg,0
nonDem1451.jpg,0
nonDem1452.jpg,0
nonDem1453.jpg,0
nonDem1454.jpg,0
nonDem1455.jpg,0
nonDem1456.jpg,0
nonDem1457.jpg,0
nonDem1458.jpg,0
nonDem1459.jpg,0
nonDem146.jpg,0
nonDem1460.jpg,0
nonDem1461.jpg,0
nonDem1462.jpg,0
nonDem1463.jpg,0
nonDem1464.jpg,0
nonDem1465.jpg,0
nonDem1466.jpg,0
nonDem1467.jpg,0
nonDem1468.jpg,0
nonDem1469.jpg,0
nonDem147.jpg,0
nonDem1470.jpg,0
nonDem1471.jpg,0
nonDem1472.jpg,0
nonDem1473.jpg,0
nonDem1474.jpg,0
nonDem1475.jpg,0
nonDem1476.jpg,0
nonDem1477.jpg,0
nonDem1478.jpg,0
nonDem1479.jpg,0
nonDem148.jpg,0
nonDem1480.jpg,0
nonDem1481.jpg,0
nonDem1482.jpg,0
nonDem1483.jpg,0
nonDem1484.jpg,0
nonDem1485.jpg,0
nonDem1486.jpg,0
nonDem1487.jpg,0
nonDem1488.jpg,0
nonDem1489.jpg,0
nonDem149.jpg,0
nonDem1490.jpg,0
nonDem1491.jpg,0
nonDem1492.jpg,0
nonDem1493.jpg,0
nonDem1494.jpg,0
nonDem1495.jpg,0
nonDem1496.jpg,0
nonDem1497.jpg,0
nonDem1498.jpg,0
nonDem1499.jpg,0
nonDem15.jpg,0
nonDem150.jpg,0
nonDem1500.jpg,0
nonDem1501.jpg,0
nonDem1502.jpg,0
nonDem1503.jpg,0
nonDem1504.jpg,0
nonDem1505.jpg,0
nonDem1506.jpg,0
nonDem1507.jpg,0
nonDem1508.jpg,0
nonDem1509.jpg,0
nonDem151.jpg,0
nonDem1510.jpg,0
nonDem1511.jpg,0
nonDem1512.jpg,0
nonDem1513.jpg,0
nonDem1514.jpg,0
nonDem1515.jpg,0
nonDem1516.jpg,0
nonDem1517.jpg,0
nonDem1518.jpg,0
nonDem1519.jpg,0
nonDem152.jpg,0
nonDem1520.jpg,0
nonDem1521.jpg,0
nonDem1522.jpg,0
nonDem1523.jpg,0
nonDem1524.jpg,0
nonDem1525.jpg,0
nonDem1526.jpg,0
nonDem1527.jpg,0
nonDem1528.jpg,0
nonDem1529.jpg,0
nonDem153.jpg,0
nonDem1530.jpg,0
nonDem1531.jpg,0
nonDem1532.jpg,0
nonDem1533.jpg,0
nonDem1534.jpg,0
nonDem1535.jpg,0
nonDem1536.jpg,0
nonDem1537.jpg,0
nonDem1538.jpg,0
nonDem1539.jpg,0
nonDem154.jpg,0
nonDem1540.jpg,0
nonDem1541.jpg,0
nonDem1542.jpg,0
nonDem1543.jpg,0
nonDem1544.jpg,0
nonDem1545.jpg,0
nonDem1546.jpg,0
nonDem1547.jpg,0
nonDem1548.jpg,0
nonDem1549.jpg,0
nonDem155.jpg,0
nonDem1550.jpg,0
nonDem1551.jpg,0
nonDem1552.jpg,0
nonDem1553.jpg,0
nonDem1554.jpg,0
nonDem1555.jpg,0
nonDem1556.jpg,0
nonDem1557.jpg,0
nonDem1558.jpg,0
nonDem1559.jpg,0
nonDem156.jpg,0
nonDem1560.jpg,0
nonDem1561.jpg,0
nonDem1562.jpg,0
nonDem1563.jpg,0
nonDem1564.jpg,0
nonDem1565.jpg,0
nonDem1566.jpg,0
nonDem1567.jpg,0
nonDem1568.jpg,0
nonDem1569.jpg,0
nonDem157.jpg,0
nonDem1570.jpg,0
nonDem1571.jpg,0
nonDem1572.jpg,0
nonDem1573.jpg,0
nonDem1574.jpg,0
nonDem1575.jpg,0
nonDem1576.jpg,0
nonDem1577.jpg,0
nonDem1578.jpg,0
nonDem1579.jpg,0
nonDem158.jpg,0
nonDem1580.jpg,0
nonDem1581.jpg,0
nonDem1582.jpg,0
nonDem1583.jpg,0
nonDem1584.jpg,0
nonDem1585.jpg,0
nonDem1586.jpg,0
nonDem1587.jpg,0
nonDem1588.jpg,0
nonDem1589.jpg,0
nonDem159.jpg,0
nonDem1590.jpg,0
nonDem1591.jpg,0
nonDem1592.jpg,0
nonDem1593.jpg,0
nonDem1594.jpg,0
nonDem1595.jpg,0
nonDem1596.jpg,0
nonDem1597.jpg,0
nonDem1598.jpg,0
nonDem1599.jpg,0
nonDem16.jpg,0
nonDem160.jpg,0
nonDem1600.jpg,0
nonDem1601.jpg,0
nonDem1602.jpg,0
nonDem1603.jpg,0
nonDem1604.jpg,0
nonDem1605.jpg,0
nonDem1606.jpg,0
nonDem1607.jpg,0
nonDem1608.jpg,0
nonDem1609.jpg,0
nonDem161.jpg,0
nonDem1610.jpg,0
nonDem1611.jpg,0
nonDem1612.jpg,0
nonDem1613.jpg,0
nonDem1614.jpg,0
nonDem1615.jpg,0
nonDem1616.jpg,0
nonDem1617.jpg,0
nonDem1618.jpg,0
nonDem1619.jpg,0
nonDem162.jpg,0
nonDem1620.jpg,0
nonDem1621.jpg,0
nonDem1622.jpg,0
nonDem1623.jpg,0
nonDem1624.jpg,0
nonDem1625.jpg,0
nonDem1626.jpg,0
nonDem1627.jpg,0
nonDem1628.jpg,0
nonDem1629.jpg,0
nonDem163.jpg,0
nonDem1630.jpg,0
nonDem1631.jpg,0
nonDem1632.jpg,0
nonDem1633.jpg,0
nonDem1634.jpg,0
nonDem1635.jpg,0
nonDem1636.jpg,0
nonDem1637.jpg,0
nonDem1638.jpg,0
nonDem1639.jpg,0
nonDem164.jpg,0
nonDem1640.jpg,0
nonDem1641.jpg,0
nonDem1642.jpg,0
nonDem1643.jpg,0
nonDem1644.jpg,0
nonDem1645.jpg,0
nonDem1646.jpg,0
nonDem1647.jpg,0
nonDem1648.jpg,0
nonDem1649.jpg,0
nonDem165.jpg,0
nonDem1650.jpg,0
nonDem1651.jpg,0
nonDem1652.jpg,0
nonDem1653.jpg,0
nonDem1654.jpg,0
nonDem1655.jpg,0
nonDem1656.jpg,0
nonDem1657.jpg,0
nonDem1658.jpg,0
nonDem1659.jpg,0
nonDem166.jpg,0
nonDem1660.jpg,0
nonDem1661.jpg,0
nonDem1662.jpg,0
nonDem1663.jpg,0
nonDem1664.jpg,0
nonDem1665.jpg,0
nonDem1666.jpg,0
nonDem1667.jpg,0
nonDem1668.jpg,0
nonDem1669.jpg,0
nonDem167.jpg,0
nonDem1670.jpg,0
nonDem1671.jpg,0
nonDem1672.jpg,0
nonDem1673.jpg,0
nonDem1674.jpg,0
nonDem1675.jpg,0
nonDem1676.jpg,0
nonDem1677.jpg,0
nonDem1678.jpg,0
nonDem1679.jpg,0
nonDem168.jpg,0
nonDem1680.jpg,0
nonDem1681.jpg,0
nonDem1682.jpg,0
nonDem1683.jpg,0
nonDem1684.jpg,0
nonDem1685.jpg,0
nonDem1686.jpg,0
nonDem1687.jpg,0
nonDem1688.jpg,0
nonDem1689.jpg,0
nonDem169.jpg,0
nonDem1690.jpg,0
nonDem1691.jpg,0
nonDem1692.jpg,0
nonDem1693.jpg,0
nonDem1694.jpg,0
nonDem1695.jpg,0
nonDem1696.jpg,0
nonDem1697.jpg,0
nonDem1698.jpg,0
nonDem1699.jpg,0
nonDem17.jpg,0
nonDem170.jpg,0
nonDem1700.jpg,0
nonDem1701.jpg,0
nonDem1702.jpg,0
nonDem1703.jpg,0
nonDem1704.jpg,0
nonDem1705.jpg,0
nonDem1706.jpg,0
nonDem1707.jpg,0
nonDem1708.jpg,0
nonDem1709.jpg,0
nonDem171.jpg,0
nonDem1710.jpg,0
nonDem1711.jpg,0
nonDem1712.jpg,0
nonDem1713.jpg,0
nonDem1714.jpg,0
nonDem1715.jpg,0
nonDem1716.jpg,0
nonDem1717.jpg,0
nonDem1718.jpg,0
nonDem1719.jpg,0
nonDem172.jpg,0
nonDem1720.jpg,0
nonDem1721.jpg,0
nonDem1722.jpg,0
nonDem1723.jpg,0
nonDem1724.jpg,0
nonDem1725.jpg,0
nonDem1726.jpg,0
nonDem1727.jpg,0
nonDem1728.jpg,0
nonDem1729.jpg,0
nonDem173.jpg,0
nonDem1730.jpg,0
nonDem1731.jpg,0
nonDem1732.jpg,0
nonDem1733.jpg,0
nonDem1734.jpg,0
nonDem1735.jpg,0
nonDem1736.jpg,0
nonDem1737.jpg,0
nonDem1738.jpg,0
nonDem1739.jpg,0
nonDem174.jpg,0
nonDem1740.jpg,0
nonDem1741.jpg,0
nonDem1742.jpg,0
nonDem1743.jpg,0
nonDem1744.jpg,0
nonDem1745.jpg,0
nonDem1746.jpg,0
nonDem1747.jpg,0
nonDem1748.jpg,0
nonDem1749.jpg,0
nonDem175.jpg,0
nonDem1750.jpg,0
nonDem1751.jpg,0
nonDem1752.jpg,0
nonDem1753.jpg,0
nonDem1754.jpg,0
nonDem1755.jpg,0
nonDem1756.jpg,0
nonDem1757.jpg,0
nonDem1758.jpg,0
nonDem1759.jpg,0
nonDem176.jpg,0
nonDem1760.jpg,0
nonDem1761.jpg,0
nonDem1762.jpg,0
nonDem1763.jpg,0
nonDem1764.jpg,0
nonDem1765.jpg,0
nonDem1766.jpg,0
nonDem1767.jpg,0
nonDem1768.jpg,0
nonDem1769.jpg,0
nonDem177.jpg,0
nonDem1770.jpg,0
nonDem1771.jpg,0
nonDem1772.jpg,0
nonDem1773.jpg,0
nonDem1774.jpg,0
nonDem1775.jpg,0
nonDem1776.jpg,0
nonDem1777.jpg,0
nonDem1778.jpg,0
nonDem1779.jpg,0
nonDem178.jpg,0
nonDem1780.jpg,0
nonDem1781.jpg,0
nonDem1782.jpg,0
nonDem1783.jpg,0
nonDem1784.jpg,0
nonDem1785.jpg,0
nonDem1786.jpg,0
nonDem1787.jpg,0
nonDem1788.jpg,0
nonDem1789.jpg,0
nonDem179.jpg,0
nonDem1790.jpg,0
nonDem1791.jpg,0
nonDem1792.jpg,0
nonDem1793.jpg,0
nonDem1794.jpg,0
nonDem1795.jpg,0
nonDem1796.jpg,0
nonDem1797.jpg,0
nonDem1798.jpg,0
nonDem1799.jpg,0
nonDem18.jpg,0
nonDem180.jpg,0
nonDem1800.jpg,0
nonDem1801.jpg,0
nonDem1802.jpg,0
nonDem1803.jpg,0
nonDem1804.jpg,0
nonDem1805.jpg,0
nonDem1806.jpg,0
nonDem1807.jpg,0
nonDem1808.jpg,0
nonDem1809.jpg,0
nonDem181.jpg,0
nonDem1810.jpg,0
nonDem1811.jpg,0
nonDem1812.jpg,0
nonDem1813.jpg,0
nonDem1814.jpg,0
nonDem1815.jpg,0
nonDem1816.jpg,0
nonDem1817.jpg,0
nonDem1818.jpg,0
nonDem1819.jpg,0
nonDem182.jpg,0
nonDem1820.jpg,0
nonDem1821.jpg,0
nonDem1822.jpg,0
nonDem1823.jpg,0
nonDem1824.jpg,0
nonDem1825.jpg,0
nonDem1826.jpg,0
nonDem1827.jpg,0
nonDem1828.jpg,0
nonDem1829.jpg,0
nonDem183.jpg,0
nonDem1830.jpg,0
nonDem1831.jpg,0
nonDem1832.jpg,0
nonDem1833.jpg,0
nonDem1834.jpg,0
nonDem1835.jpg,0
nonDem1836.jpg,0
nonDem1837.jpg,0
nonDem1838.jpg,0
nonDem1839.jpg,0
nonDem184.jpg,0
nonDem1840.jpg,0
nonDem1841.jpg,0
nonDem1842.jpg,0
nonDem1843.jpg,0
nonDem1844.jpg,0
nonDem1845.jpg,0
nonDem1846.jpg,0
nonDem1847.jpg,0
nonDem1848.jpg,0
nonDem1849.jpg,0
nonDem185.jpg,0
nonDem1850.jpg,0
nonDem1851.jpg,0
nonDem1852.jpg,0
nonDem1853.jpg,0
nonDem1854.jpg,0
nonDem1855.jpg,0
nonDem1856.jpg,0
nonDem1857.jpg,0
nonDem1858.jpg,0
nonDem1859.jpg,0
nonDem186.jpg,0
nonDem1860.jpg,0
nonDem1861.jpg,0
nonDem1862.jpg,0
nonDem1863.jpg,0
nonDem1864.jpg,0
nonDem1865.jpg,0
nonDem1866.jpg,0
nonDem1867.jpg,0
nonDem1868.jpg,0
nonDem1869.jpg,0
nonDem187.jpg,0
nonDem1870.jpg,0
nonDem1871.jpg,0
nonDem1872.jpg,0
nonDem1873.jpg,0
nonDem1874.jpg,0
nonDem1875.jpg,0
nonDem1876.jpg,0
nonDem1877.jpg,0
nonDem1878.jpg,0
nonDem1879.jpg,0
nonDem188.jpg,0
nonDem1880.jpg,0
nonDem1881.jpg,0
nonDem1882.jpg,0
nonDem1883.jpg,0
nonDem1884.jpg,0
nonDem1885.jpg,0
nonDem1886.jpg,0
nonDem1887.jpg,0
nonDem1888.jpg,0
nonDem1889.jpg,0
nonDem189.jpg,0
nonDem1890.jpg,0
nonDem1891.jpg,0
nonDem1892.jpg,0
nonDem1893.jpg,0
nonDem1894.jpg,0
nonDem1895.jpg,0
nonDem1896.jpg,0
nonDem1897.jpg,0
nonDem1898.jpg,0
nonDem1899.jpg,0
nonDem19.jpg,0
nonDem190.jpg,0
nonDem1900.jpg,0
nonDem1901.jpg,0
nonDem1902.jpg,0
nonDem1903.jpg,0
nonDem1904.jpg,0
nonDem1905.jpg,0
nonDem1906.jpg,0
nonDem1907.jpg,0
nonDem1908.jpg,0
nonDem1909.jpg,0
nonDem191.jpg,0
nonDem1910.jpg,0
nonDem1911.jpg,0
nonDem1912.jpg,0
nonDem1913.jpg,0
nonDem1914.jpg,0
nonDem1915.jpg,0
nonDem1916.jpg,0
nonDem1917.jpg,0
nonDem1918.jpg,0
nonDem1919.jpg,0
nonDem192.jpg,0
nonDem1920.jpg,0
nonDem1921.jpg,0
nonDem1922.jpg,0
nonDem1923.jpg,0
nonDem1924.jpg,0
nonDem1925.jpg,0
nonDem1926.jpg,0
nonDem1927.jpg,0
nonDem1928.jpg,0
nonDem1929.jpg,0
nonDem193.jpg,0
nonDem1930.jpg,0
nonDem1931.jpg,0
nonDem1932.jpg,0
nonDem1933.jpg,0
nonDem1934.jpg,0
nonDem1935.jpg,0
nonDem1936.jpg,0
nonDem1937.jpg,0
nonDem1938.jpg,0
nonDem1939.jpg,0
nonDem194.jpg,0
nonDem1940.jpg,0
nonDem1941.jpg,0
nonDem1942.jpg,0
nonDem1943.jpg,0
nonDem1944.jpg,0
nonDem1945.jpg,0
nonDem1946.jpg,0
nonDem1947.jpg,0
nonDem1948.jpg,0
nonDem1949.jpg,0
nonDem195.jpg,0
nonDem1950.jpg,0
nonDem1951.jpg,0
nonDem1952.jpg,0
nonDem1953.jpg,0
nonDem1954.jpg,0
nonDem1955.jpg,0
nonDem1956.jpg,0
nonDem1957.jpg,0
nonDem1958.jpg,0
nonDem1959.jpg,0
nonDem196.jpg,0
nonDem1960.jpg,0
nonDem1961.jpg,0
nonDem1962.jpg,0
nonDem1963.jpg,0
nonDem1964.jpg,0
nonDem1965.jpg,0
nonDem1966.jpg,0
nonDem1967.jpg,0
nonDem1968.jpg,0
nonDem1969.jpg,0
nonDem197.jpg,0
nonDem1970.jpg,0
nonDem1971.jpg,0
nonDem1972.jpg,0
nonDem1973.jpg,0
nonDem1974.jpg,0
nonDem1975.jpg,0
nonDem1976.jpg,0
nonDem1977.jpg,0
nonDem1978.jpg,0
nonDem1979.jpg,0
nonDem198.jpg,0
nonDem1980.jpg,0
nonDem1981.jpg,0
nonDem1982.jpg,0
nonDem1983.jpg,0
nonDem1984.jpg,0
nonDem1985.jpg,0
nonDem1986.jpg,0
nonDem1987.jpg,0
nonDem1988.jpg,0
nonDem1989.jpg,0
nonDem199.jpg,0
nonDem1990.jpg,0
nonDem1991.jpg,0
nonDem1992.jpg,0
nonDem1993.jpg,0
nonDem1994.jpg,0
nonDem1995.jpg,0
nonDem1996.jpg,0
nonDem1997.jpg,0
nonDem1998.jpg,0
nonDem1999.jpg,0
nonDem2.jpg,0
nonDem20.jpg,0
nonDem200.jpg,0
nonDem2000.jpg,0
nonDem2001.jpg,0
nonDem2002.jpg,0
nonDem2003.jpg,0
nonDem2004.jpg,0
nonDem2005.jpg,0
nonDem2006.jpg,0
nonDem2007.jpg,0
nonDem2008.jpg,0
nonDem2009.jpg,0
nonDem201.jpg,0
nonDem2010.jpg,0
nonDem2011.jpg,0
nonDem2012.jpg,0
nonDem2013.jpg,0
nonDem2014.jpg,0
nonDem2015.jpg,0
nonDem2016.jpg,0
nonDem2017.jpg,0
nonDem2018.jpg,0
nonDem2019.jpg,0
nonDem202.jpg,0
nonDem2020.jpg,0
nonDem2021.jpg,0
nonDem2022.jpg,0
nonDem2023.jpg,0
nonDem2024.jpg,0
nonDem2025.jpg,0
nonDem2026.jpg,0
nonDem2027.jpg,0
nonDem2028.jpg,0
nonDem2029.jpg,0
nonDem203.jpg,0
nonDem2030.jpg,0
nonDem2031.jpg,0
nonDem2032.jpg,0
nonDem2033.jpg,0
nonDem2034.jpg,0
nonDem2035.jpg,0
nonDem2036.jpg,0
nonDem2037.jpg,0
nonDem2038.jpg,0
nonDem2039.jpg,0
nonDem204.jpg,0
nonDem2040.jpg,0
nonDem2041.jpg,0
nonDem2042.jpg,0
nonDem2043.jpg,0
nonDem2044.jpg,0
nonDem2045.jpg,0
nonDem2046.jpg,0
nonDem2047.jpg,0
nonDem2048.jpg,0
nonDem2049.jpg,0
nonDem205.jpg,0
nonDem2050.jpg,0
nonDem2051.jpg,0
nonDem2052.jpg,0
nonDem2053.jpg,0
nonDem2054.jpg,0
nonDem2055.jpg,0
nonDem2056.jpg,0
nonDem2057.jpg,0
nonDem2058.jpg,0
nonDem2059.jpg,0
nonDem206.jpg,0
nonDem2060.jpg,0
nonDem2061.jpg,0
nonDem2062.jpg,0
nonDem2063.jpg,0
nonDem2064.jpg,0
nonDem2065.jpg,0
nonDem2066.jpg,0
nonDem2067.jpg,0
nonDem2068.jpg,0
nonDem2069.jpg,0
nonDem207.jpg,0
nonDem2070.jpg,0
nonDem2071.jpg,0
nonDem2072.jpg,0
nonDem2073.jpg,0
nonDem2074.jpg,0
nonDem2075.jpg,0
nonDem2076.jpg,0
nonDem2077.jpg,0
nonDem2078.jpg,0
nonDem2079.jpg,0
nonDem208.jpg,0
nonDem2080.jpg,0
nonDem2081.jpg,0
nonDem2082.jpg,0
nonDem2083.jpg,0
nonDem2084.jpg,0
nonDem2085.jpg,0
nonDem2086.jpg,0
nonDem2087.jpg,0
nonDem2088.jpg,0
nonDem2089.jpg,0
nonDem209.jpg,0
nonDem2090.jpg,0
nonDem2091.jpg,0
nonDem2092.jpg,0
nonDem2093.jpg,0
nonDem2094.jpg,0
nonDem2095.jpg,0
nonDem2096.jpg,0
nonDem2097.jpg,0
nonDem2098.jpg,0
nonDem2099.jpg,0
nonDem21.jpg,0
nonDem210.jpg,0
nonDem2100.jpg,0
nonDem2101.jpg,0
nonDem2102.jpg,0
nonDem2103.jpg,0
nonDem2104.jpg,0
nonDem2105.jpg,0
nonDem2106.jpg,0
nonDem2107.jpg,0
nonDem2108.jpg,0
nonDem2109.jpg,0
nonDem211.jpg,0
nonDem2110.jpg,0
nonDem2111.jpg,0
nonDem2112.jpg,0
nonDem2113.jpg,0
nonDem2114.jpg,0
nonDem2115.jpg,0
nonDem2116.jpg,0
nonDem2117.jpg,0
nonDem2118.jpg,0
nonDem2119.jpg,0
nonDem212.jpg,0
nonDem2120.jpg,0
nonDem2121.jpg,0
nonDem2122.jpg,0
nonDem2123.jpg,0
nonDem2124.jpg,0
nonDem2125.jpg,0
nonDem2126.jpg,0
nonDem2127.jpg,0
nonDem2128.jpg,0
nonDem2129.jpg,0
nonDem213.jpg,0
nonDem2130.jpg,0
nonDem2131.jpg,0
nonDem2132.jpg,0
nonDem2133.jpg,0
nonDem2134.jpg,0
nonDem2135.jpg,0
nonDem2136.jpg,0
nonDem2137.jpg,0
nonDem2138.jpg,0
nonDem2139.jpg,0
nonDem214.jpg,0
nonDem2140.jpg,0
nonDem2141.jpg,0
nonDem2142.jpg,0
nonDem2143.jpg,0
nonDem2144.jpg,0
nonDem2145.jpg,0
nonDem2146.jpg,0
nonDem2147.jpg,0
nonDem2148.jpg,0
nonDem2149.jpg,0
nonDem215.jpg,0
nonDem216.jpg,0
nonDem217.jpg,0
nonDem218.jpg,0
nonDem219.jpg,0
nonDem22.jpg,0
nonDem220.jpg,0
nonDem221.jpg,0
nonDem222.jpg,0
nonDem223.jpg,0
nonDem224.jpg,0
nonDem225.jpg,0
nonDem226.jpg,0
nonDem227.jpg,0
nonDem228.jpg,0
nonDem229.jpg,0
nonDem23.jpg,0
nonDem230.jpg,0
nonDem231.jpg,0
nonDem232.jpg,0
nonDem233.jpg,0
nonDem234.jpg,0
nonDem235.jpg,0
nonDem236.jpg,0
nonDem237.jpg,0
nonDem238.jpg,0
nonDem239.jpg,0
nonDem24.jpg,0
nonDem240.jpg,0
nonDem241.jpg,0
nonDem242.jpg,0
nonDem243.jpg,0
nonDem244.jpg,0
nonDem245.jpg,0
nonDem246.jpg,0
nonDem247.jpg,0
nonDem248.jpg,0
nonDem249.jpg,0
nonDem25.jpg,0
nonDem250.jpg,0
nonDem251.jpg,0
nonDem252.jpg,0
nonDem253.jpg,0
nonDem254.jpg,0
nonDem255.jpg,0
nonDem256.jpg,0
nonDem257.jpg,0
nonDem258.jpg,0
nonDem259.jpg,0
nonDem26.jpg,0
nonDem260.jpg,0
nonDem261.jpg,0
nonDem262.jpg,0
nonDem263.jpg,0
nonDem264.jpg,0
nonDem265.jpg,0
nonDem266.jpg,0
nonDem267.jpg,0
nonDem268.jpg,0
nonDem269.jpg,0
nonDem27.jpg,0
nonDem270.jpg,0
nonDem271.jpg,0
nonDem272.jpg,0
nonDem273.jpg,0
nonDem274.jpg,0
nonDem275.jpg,0
nonDem276.jpg,0
nonDem277.jpg,0
nonDem278.jpg,0
nonDem279.jpg,0
nonDem28.jpg,0
nonDem280.jpg,0
nonDem281.jpg,0
nonDem282.jpg,0
nonDem283.jpg,0
nonDem284.jpg,0
nonDem285.jpg,0
nonDem286.jpg,0
nonDem287.jpg,0
nonDem288.jpg,0
nonDem289.jpg,0
nonDem29.jpg,0
nonDem290.jpg,0
nonDem291.jpg,0
nonDem292.jpg,0
nonDem293.jpg,0
nonDem294.jpg,0
nonDem295.jpg,0
nonDem296.jpg,0
nonDem297.jpg,0
nonDem298.jpg,0
nonDem299.jpg,0
nonDem3.jpg,0
nonDem30.jpg,0
nonDem300.jpg,0
nonDem301.jpg,0
nonDem302.jpg,0
nonDem303.jpg,0
nonDem304.jpg,0
nonDem305.jpg,0
nonDem306.jpg,0
nonDem307.jpg,0
nonDem308.jpg,0
nonDem309.jpg,0
nonDem31.jpg,0
nonDem310.jpg,0
nonDem311.jpg,0
nonDem312.jpg,0
nonDem313.jpg,0
nonDem314.jpg,0
nonDem315.jpg,0
nonDem316.jpg,0
nonDem317.jpg,0
nonDem318.jpg,0
nonDem319.jpg,0
nonDem32.jpg,0
nonDem320.jpg,0
nonDem321.jpg,0
nonDem322.jpg,0
nonDem323.jpg,0
nonDem324.jpg,0
nonDem325.jpg,0
nonDem326.jpg,0
nonDem327.jpg,0
nonDem328.jpg,0
nonDem329.jpg,0
nonDem33.jpg,0
nonDem330.jpg,0
nonDem331.jpg,0
nonDem332.jpg,0
nonDem333.jpg,0
nonDem334.jpg,0
nonDem335.jpg,0
nonDem336.jpg,0
nonDem337.jpg,0
nonDem338.jpg,0
nonDem339.jpg,0
nonDem34.jpg,0
nonDem340.jpg,0
nonDem341.jpg,0
nonDem342.jpg,0
nonDem343.jpg,0
nonDem344.jpg,0
nonDem345.jpg,0
nonDem346.jpg,0
nonDem347.jpg,0
nonDem348.jpg,0
nonDem349.jpg,0
nonDem35.jpg,0
nonDem350.jpg,0
nonDem351.jpg,0
nonDem352.jpg,0
nonDem353.jpg,0
nonDem354.jpg,0
nonDem355.jpg,0
nonDem356.jpg,0
nonDem357.jpg,0
nonDem358.jpg,0
nonDem359.jpg,0
nonDem36.jpg,0
nonDem360.jpg,0
nonDem361.jpg,0
nonDem362.jpg,0
nonDem363.jpg,0
nonDem364.jpg,0
nonDem365.jpg,0
nonDem366.jpg,0
nonDem367.jpg,0
nonDem368.jpg,0
nonDem369.jpg,0
nonDem37.jpg,0
nonDem370.jpg,0
nonDem371.jpg,0
nonDem372.jpg,0
nonDem373.jpg,0
nonDem374.jpg,0
nonDem375.jpg,0
nonDem376.jpg,0
nonDem377.jpg,0
nonDem378.jpg,0
nonDem379.jpg,0
nonDem38.jpg,0
nonDem380.jpg,0
nonDem381.jpg,0
nonDem382.jpg,0
nonDem383.jpg,0
nonDem384.jpg,0
nonDem385.jpg,0
nonDem386.jpg,0
nonDem387.jpg,0
nonDem388.jpg,0
nonDem389.jpg,0
nonDem39.jpg,0
nonDem390.jpg,0
nonDem391.jpg,0
nonDem392.jpg,0
nonDem393.jpg,0
nonDem394.jpg,0
nonDem395.jpg,0
nonDem396.jpg,0
nonDem397.jpg,0
nonDem398.jpg,0
nonDem399.jpg,0
nonDem4.jpg,0
nonDem40.jpg,0
nonDem400.jpg,0
nonDem401.jpg,0
nonDem402.jpg,0
nonDem403.jpg,0
nonDem404.jpg,0
nonDem405.jpg,0
nonDem406.jpg,0
nonDem407.jpg,0
nonDem408.jpg,0
nonDem409.jpg,0
nonDem41.jpg,0
nonDem410.jpg,0
nonDem411.jpg,0
nonDem412.jpg,0
nonDem413.jpg,0
nonDem414.jpg,0
nonDem415.jpg,0
nonDem416.jpg,0
nonDem417.jpg,0
nonDem418.jpg,0
nonDem419.jpg,0
nonDem42.jpg,0
nonDem420.jpg,0
nonDem421.jpg,0
nonDem422.jpg,0
nonDem423.jpg,0
nonDem424.jpg,0
nonDem425.jpg,0
nonDem426.jpg,0
nonDem427.jpg,0
nonDem428.jpg,0
nonDem429.jpg,0
nonDem43.jpg,0
nonDem430.jpg,0
nonDem431.jpg,0
nonDem432.jpg,0
nonDem433.jpg,0
nonDem434.jpg,0
nonDem435.jpg,0
nonDem436.jpg,0
nonDem437.jpg,0
nonDem438.jpg,0
nonDem439.jpg,0
nonDem44.jpg,0
nonDem440.jpg,0
nonDem441.jpg,0
nonDem442.jpg,0
nonDem443.jpg,0
nonDem444.jpg,0
nonDem445.jpg,0
nonDem446.jpg,0
nonDem447.jpg,0
nonDem448.jpg,0
nonDem449.jpg,0
nonDem45.jpg,0
nonDem450.jpg,0
nonDem451.jpg,0
nonDem452.jpg,0
nonDem453.jpg,0
nonDem454.jpg,0
nonDem455.jpg,0
nonDem456.jpg,0
nonDem457.jpg,0
nonDem458.jpg,0
nonDem459.jpg,0
nonDem46.jpg,0
nonDem460.jpg,0
nonDem461.jpg,0
nonDem462.jpg,0
nonDem463.jpg,0
nonDem464.jpg,0
nonDem465.jpg,0
nonDem466.jpg,0
nonDem467.jpg,0
nonDem468.jpg,0
nonDem469.jpg,0
nonDem47.jpg,0
nonDem470.jpg,0
nonDem471.jpg,0
nonDem472.jpg,0
nonDem473.jpg,0
nonDem474.jpg,0
nonDem475.jpg,0
nonDem476.jpg,0
nonDem477.jpg,0
nonDem478.jpg,0
nonDem479.jpg,0
nonDem48.jpg,0
nonDem480.jpg,0
nonDem481.jpg,0
nonDem482.jpg,0
nonDem483.jpg,0
nonDem484.jpg,0
nonDem485.jpg,0
nonDem486.jpg,0
nonDem487.jpg,0
nonDem488.jpg,0
nonDem489.jpg,0
nonDem49.jpg,0
nonDem490.jpg,0
nonDem491.jpg,0
nonDem492.jpg,0
nonDem493.jpg,0
nonDem494.jpg,0
nonDem495.jpg,0
nonDem496.jpg,0
nonDem497.jpg,0
nonDem498.jpg,0
nonDem499.jpg,0
nonDem5.jpg,0
nonDem50.jpg,0
nonDem500.jpg,0
nonDem501.jpg,0
nonDem502.jpg,0
nonDem503.jpg,0
nonDem504.jpg,0
nonDem505.jpg,0
nonDem506.jpg,0
nonDem507.jpg,0
nonDem508.jpg,0
nonDem509.jpg,0
nonDem51.jpg,0
nonDem510.jpg,0
nonDem511.jpg,0
nonDem512.jpg,0
nonDem513.jpg,0
nonDem514.jpg,0
nonDem515.jpg,0
nonDem516.jpg,0
nonDem517.jpg,0
nonDem518.jpg,0
nonDem519.jpg,0
nonDem52.jpg,0
nonDem520.jpg,0
nonDem521.jpg,0
nonDem522.jpg,0
nonDem523.jpg,0
nonDem524.jpg,0
nonDem525.jpg,0
nonDem526.jpg,0
nonDem527.jpg,0
nonDem528.jpg,0
nonDem529.jpg,0
nonDem53.jpg,0
nonDem530.jpg,0
nonDem531.jpg,0
nonDem532.jpg,0
nonDem533.jpg,0
nonDem534.jpg,0
nonDem535.jpg,0
nonDem536.jpg,0
nonDem537.jpg,0
nonDem538.jpg,0
nonDem539.jpg,0
nonDem54.jpg,0
nonDem540.jpg,0
nonDem541.jpg,0
nonDem542.jpg,0
nonDem543.jpg,0
nonDem544.jpg,0
nonDem545.jpg,0
nonDem546.jpg,0
nonDem547.jpg,0
nonDem548.jpg,0
nonDem549.jpg,0
nonDem55.jpg,0
nonDem550.jpg,0
nonDem551.jpg,0
nonDem552.jpg,0
nonDem553.jpg,0
nonDem554.jpg,0
nonDem555.jpg,0
nonDem556.jpg,0
nonDem557.jpg,0
nonDem558.jpg,0
nonDem559.jpg,0
nonDem56.jpg,0
nonDem560.jpg,0
nonDem561.jpg,0
nonDem562.jpg,0
nonDem563.jpg,0
nonDem564.jpg,0
nonDem565.jpg,0
nonDem566.jpg,0
nonDem567.jpg,0
nonDem568.jpg,0
nonDem569.jpg,0
nonDem57.jpg,0
nonDem570.jpg,0
nonDem571.jpg,0
nonDem572.jpg,0
nonDem573.jpg,0
nonDem574.jpg,0
nonDem575.jpg,0
nonDem576.jpg,0
nonDem577.jpg,0
nonDem578.jpg,0
nonDem579.jpg,0
nonDem58.jpg,0
nonDem580.jpg,0
nonDem581.jpg,0
nonDem582.jpg,0
nonDem583.jpg,0
nonDem584.jpg,0
nonDem585.jpg,0
nonDem586.jpg,0
nonDem587.jpg,0
nonDem588.jpg,0
nonDem589.jpg,0
nonDem59.jpg,0
nonDem590.jpg,0
nonDem591.jpg,0
nonDem592.jpg,0
nonDem593.jpg,0
nonDem594.jpg,0
nonDem595.jpg,0
nonDem596.jpg,0
nonDem597.jpg,0
nonDem598.jpg,0
nonDem599.jpg,0
nonDem6.jpg,0
nonDem60.jpg,0
nonDem600.jpg,0
nonDem601.jpg,0
nonDem602.jpg,0
nonDem603.jpg,0
nonDem604.jpg,0
nonDem605.jpg,0
nonDem606.jpg,0
nonDem607.jpg,0
nonDem608.jpg,0
nonDem609.jpg,0
nonDem61.jpg,0
nonDem610.jpg,0
nonDem611.jpg,0
nonDem612.jpg,0
nonDem613.jpg,0
nonDem614.jpg,0
nonDem615.jpg,0
nonDem616.jpg,0
nonDem617.jpg,0
nonDem618.jpg,0
nonDem619.jpg,0
nonDem62.jpg,0
nonDem620.jpg,0
nonDem621.jpg,0
nonDem622.jpg,0
nonDem623.jpg,0
nonDem624.jpg,0
nonDem625.jpg,0
nonDem626.jpg,0
nonDem627.jpg,0
nonDem628.jpg,0
nonDem629.jpg,0
nonDem63.jpg,0
nonDem630.jpg,0
nonDem631.jpg,0
nonDem632.jpg,0
nonDem633.jpg,0
nonDem634.jpg,0
nonDem635.jpg,0
nonDem636.jpg,0
nonDem637.jpg,0
nonDem638.jpg,0
nonDem639.jpg,0
nonDem64.jpg,0
nonDem640.jpg,0
nonDem641.jpg,0
nonDem642.jpg,0
nonDem643.jpg,0
nonDem644.jpg,0
nonDem645.jpg,0
nonDem646.jpg,0
nonDem647.jpg,0
nonDem648.jpg,0
nonDem649.jpg,0
nonDem65.jpg,0
nonDem650.jpg,0
nonDem651.jpg,0
nonDem652.jpg,0
nonDem653.jpg,0
nonDem654.jpg,0
nonDem655.jpg,0
nonDem656.jpg,0
nonDem657.jpg,0
nonDem658.jpg,0
nonDem659.jpg,0
nonDem66.jpg,0
nonDem660.jpg,0
nonDem661.jpg,0
nonDem662.jpg,0
nonDem663.jpg,0
nonDem664.jpg,0
nonDem665.jpg,0
nonDem666.jpg,0
nonDem667.jpg,0
nonDem668.jpg,0
nonDem669.jpg,0
nonDem67.jpg,0
nonDem670.jpg,0
nonDem671.jpg,0
nonDem672.jpg,0
nonDem673.jpg,0
nonDem674.jpg,0
nonDem675.jpg,0
nonDem676.jpg,0
nonDem677.jpg,0
nonDem678.jpg,0
nonDem679.jpg,0
nonDem68.jpg,0
nonDem680.jpg,0
nonDem681.jpg,0
nonDem682.jpg,0
nonDem683.jpg,0
nonDem684.jpg,0
nonDem685.jpg,0
nonDem686.jpg,0
nonDem687.jpg,0
nonDem688.jpg,0
nonDem689.jpg,0
nonDem69.jpg,0
nonDem690.jpg,0
nonDem691.jpg,0
nonDem692.jpg,0
nonDem693.jpg,0
nonDem694.jpg,0
nonDem695.jpg,0
nonDem696.jpg,0
nonDem697.jpg,0
nonDem698.jpg,0
nonDem699.jpg,0
nonDem7.jpg,0
nonDem70.jpg,0
nonDem700.jpg,0
nonDem701.jpg,0
nonDem702.jpg,0
nonDem703.jpg,0
nonDem704.jpg,0
nonDem705.jpg,0
nonDem706.jpg,0
nonDem707.jpg,0
nonDem708.jpg,0
nonDem709.jpg,0
nonDem71.jpg,0
nonDem710.jpg,0
nonDem711.jpg,0
nonDem712.jpg,0
nonDem713.jpg,0
nonDem714.jpg,0
nonDem715.jpg,0
nonDem716.jpg,0
nonDem717.jpg,0
nonDem718.jpg,0
nonDem719.jpg,0
nonDem72.jpg,0
nonDem720.jpg,0
nonDem721.jpg,0
nonDem722.jpg,0
nonDem723.jpg,0
nonDem724.jpg,0
nonDem725.jpg,0
nonDem726.jpg,0
nonDem727.jpg,0
nonDem728.jpg,0
nonDem729.jpg,0
nonDem73.jpg,0
nonDem730.jpg,0
nonDem731.jpg,0
nonDem732.jpg,0
nonDem733.jpg,0
nonDem734.jpg,0
nonDem735.jpg,0
nonDem736.jpg,0
nonDem737.jpg,0
nonDem738.jpg,0
nonDem739.jpg,0
nonDem74.jpg,0
nonDem740.jpg,0
nonDem741.jpg,0
nonDem742.jpg,0
nonDem743.jpg,0
nonDem744.jpg,0
nonDem745.jpg,0
nonDem746.jpg,0
nonDem747.jpg,0
nonDem748.jpg,0
nonDem749.jpg,0
nonDem75.jpg,0
nonDem750.jpg,0
nonDem751.jpg,0
nonDem752.jpg,0
nonDem753.jpg,0
nonDem754.jpg,0
nonDem755.jpg,0
nonDem756.jpg,0
nonDem757.jpg,0
nonDem758.jpg,0
nonDem759.jpg,0
nonDem76.jpg,0
nonDem760.jpg,0
nonDem761.jpg,0
nonDem762.jpg,0
nonDem763.jpg,0
nonDem764.jpg,0
nonDem765.jpg,0
nonDem766.jpg,0
nonDem767.jpg,0
nonDem768.jpg,0
nonDem769.jpg,0
nonDem77.jpg,0
nonDem770.jpg,0
nonDem771.jpg,0
nonDem772.jpg,0
nonDem773.jpg,0
nonDem774.jpg,0
nonDem775.jpg,0
nonDem776.jpg,0
nonDem777.jpg,0
nonDem778.jpg,0
nonDem779.jpg,0
nonDem78.jpg,0
nonDem780.jpg,0
nonDem781.jpg,0
nonDem782.jpg,0
nonDem783.jpg,0
nonDem784.jpg,0
nonDem785.jpg,0
nonDem786.jpg,0
nonDem787.jpg,0
nonDem788.jpg,0
nonDem789.jpg,0
nonDem79.jpg,0
nonDem790.jpg,0
nonDem791.jpg,0
nonDem792.jpg,0
nonDem793.jpg,0
nonDem794.jpg,0
nonDem795.jpg,0
nonDem796.jpg,0
nonDem797.jpg,0
nonDem798.jpg,0
nonDem799.jpg,0
nonDem8.jpg,0
nonDem80.jpg,0
nonDem800.jpg,0
nonDem801.jpg,0
nonDem802.jpg,0
nonDem803.jpg,0
nonDem804.jpg,0
nonDem805.jpg,0
nonDem806.jpg,0
nonDem807.jpg,0
nonDem808.jpg,0
nonDem809.jpg,0
nonDem81.jpg,0
nonDem810.jpg,0
nonDem811.jpg,0
nonDem812.jpg,0
nonDem813.jpg,0
nonDem814.jpg,0
nonDem815.jpg,0
nonDem816.jpg,0
nonDem817.jpg,0
nonDem818.jpg,0
nonDem819.jpg,0
nonDem82.jpg,0
nonDem820.jpg,0
nonDem821.jpg,0
nonDem822.jpg,0
nonDem823.jpg,0
nonDem824.jpg,0
nonDem825.jpg,0
nonDem826.jpg,0
nonDem827.jpg,0
nonDem828.jpg,0
nonDem829.jpg,0
nonDem83.jpg,0
nonDem830.jpg,0
nonDem831.jpg,0
nonDem832.jpg,0
nonDem833.jpg,0
nonDem834.jpg,0
nonDem835.jpg,0
nonDem836.jpg,0
nonDem837.jpg,0
nonDem838.jpg,0
nonDem839.jpg,0
nonDem84.jpg,0
nonDem840.jpg,0
nonDem841.jpg,0
nonDem842.jpg,0
nonDem843.jpg,0
nonDem844.jpg,0
nonDem845.jpg,0
nonDem846.jpg,0
nonDem847.jpg,0
nonDem848.jpg,0
nonDem849.jpg,0
nonDem85.jpg,0
nonDem850.jpg,0
nonDem851.jpg,0
nonDem852.jpg,0
nonDem853.jpg,0
nonDem854.jpg,0
nonDem855.jpg,0
nonDem856.jpg,0
nonDem857.jpg,0
nonDem858.jpg,0
nonDem859.jpg,0
nonDem86.jpg,0
nonDem860.jpg,0
nonDem861.jpg,0
nonDem862.jpg,0
nonDem863.jpg,0
nonDem864.jpg,0
nonDem865.jpg,0
nonDem866.jpg,0
nonDem867.jpg,0
nonDem868.jpg,0
nonDem869.jpg,0
nonDem87.jpg,0
nonDem870.jpg,0
nonDem871.jpg,0
nonDem872.jpg,0
nonDem873.jpg,0
nonDem874.jpg,0
nonDem875.jpg,0
nonDem876.jpg,0
nonDem877.jpg,0
nonDem878.jpg,0
nonDem879.jpg,0
nonDem88.jpg,0
nonDem880.jpg,0
nonDem881.jpg,0
nonDem882.jpg,0
nonDem883.jpg,0
nonDem884.jpg,0
nonDem885.jpg,0
nonDem886.jpg,0
nonDem887.jpg,0
nonDem888.jpg,0
nonDem889.jpg,0
nonDem89.jpg,0
nonDem890.jpg,0
nonDem891.jpg,0
nonDem892.jpg,0
nonDem893.jpg,0
nonDem894.jpg,0
nonDem895.jpg,0
nonDem896.jpg,0
nonDem897.jpg,0
nonDem898.jpg,0
nonDem899.jpg,0
nonDem9.jpg,0
nonDem90.jpg,0
nonDem900.jpg,0
nonDem901.jpg,0
nonDem902.jpg,0
nonDem903.jpg,0
nonDem904.jpg,0
nonDem905.jpg,0
nonDem906.jpg,0
nonDem907.jpg,0
nonDem908.jpg,0
nonDem909.jpg,0
nonDem91.jpg,0
nonDem910.jpg,0
nonDem911.jpg,0
nonDem912.jpg,0
nonDem913.jpg,0
nonDem914.jpg,0
nonDem915.jpg,0
nonDem916.jpg,0
nonDem917.jpg,0
nonDem918.jpg,0
nonDem919.jpg,0
nonDem92.jpg,0
nonDem920.jpg,0
nonDem921.jpg,0
nonDem922.jpg,0
nonDem923.jpg,0
nonDem924.jpg,0
nonDem925.jpg,0
nonDem926.jpg,0
nonDem927.jpg,0
nonDem928.jpg,0
nonDem929.jpg,0
nonDem93.jpg,0
nonDem930.jpg,0
nonDem931.jpg,0
nonDem932.jpg,0
nonDem933.jpg,0
nonDem934.jpg,0
nonDem935.jpg,0
nonDem936.jpg,0
nonDem937.jpg,0
nonDem938.jpg,0
nonDem939.jpg,0
nonDem94.jpg,0
nonDem940.jpg,0
nonDem941.jpg,0
nonDem942.jpg,0
nonDem943.jpg,0
nonDem944.jpg,0
nonDem945.jpg,0
nonDem946.jpg,0
nonDem947.jpg,0
nonDem948.jpg,0
nonDem949.jpg,0
nonDem95.jpg,0
nonDem950.jpg,0
nonDem951.jpg,0
nonDem952.jpg,0
nonDem953.jpg,0
nonDem954.jpg,0
nonDem955.jpg,0
nonDem956.jpg,0
nonDem957.jpg,0
nonDem958.jpg,0
nonDem959.jpg,0
nonDem96.jpg,0
nonDem960.jpg,0
nonDem961.jpg,0
nonDem962.jpg,0
nonDem963.jpg,0
nonDem964.jpg,0
nonDem965.jpg,0
nonDem966.jpg,0
nonDem967.jpg,0
nonDem968.jpg,0
nonDem969.jpg,0
nonDem97.jpg,0
nonDem970.jpg,0
nonDem971.jpg,0
nonDem972.jpg,0
nonDem973.jpg,0
nonDem974.jpg,0
nonDem975.jpg,0
nonDem976.jpg,0
nonDem977.jpg,0
nonDem978.jpg,0
nonDem979.jpg,0
nonDem98.jpg,0
nonDem980.jpg,0
nonDem981.jpg,0
nonDem982.jpg,0
nonDem983.jpg,0
nonDem984.jpg,0
nonDem985.jpg,0
nonDem986.jpg,0
nonDem987.jpg,0
nonDem988.jpg,0
nonDem989.jpg,0
nonDem99.jpg,0
nonDem990.jpg,0
nonDem991.jpg,0
nonDem992.jpg,0
nonDem993.jpg,0
nonDem994.jpg,0
nonDem995.jpg,0
nonDem996.jpg,0
nonDem997.jpg,0
nonDem998.jpg,0
nonDem999.jpg,0
verymildDem0.jpg,1
verymildDem1.jpg,1
verymildDem10.jpg,1
verymildDem100.jpg,1
verymildDem1000.jpg,1
verymildDem1001.jpg,1
verymildDem1002.jpg,1
verymildDem1003.jpg,1
verymildDem1004.jpg,1
verymildDem1005.jpg,1
verymildDem1006.jpg,1
verymildDem1007.jpg,1
verymildDem1008.jpg,1
verymildDem1009.jpg,1
verymildDem101.jpg,1
verymildDem1010.jpg,1
verymildDem1011.jpg,1
verymildDem1012.jpg,1
verymildDem1013.jpg,1
verymildDem1014.jpg,1
verymildDem1015.jpg,1
verymildDem1016.jpg,1
verymildDem1017.jpg,1
verymildDem1018.jpg,1
verymildDem1019.jpg,1
verymildDem102.jpg,1
verymildDem1020.jpg,1
verymildDem1021.jpg,1
verymildDem1022.jpg,1
verymildDem1023.jpg,1
verymildDem1024.jpg,1
verymildDem1025.jpg,1
verymildDem1026.jpg,1
verymildDem1027.jpg,1
verymildDem1028.jpg,1
verymildDem1029.jpg,1
verymildDem103.jpg,1
verymildDem1030.jpg,1
verymildDem1031.jpg,1
verymildDem1032.jpg,1
verymildDem1033.jpg,1
verymildDem1034.jpg,1
verymildDem1035.jpg,1
verymildDem1036.jpg,1
verymildDem1037.jpg,1
verymildDem1038.jpg,1
verymildDem1039.jpg,1
verymildDem104.jpg,1
verymildDem1040.jpg,1
verymildDem1041.jpg,1
verymildDem1042.jpg,1
verymildDem1043.jpg,1
verymildDem1044.jpg,1
verymildDem1045.jpg,1
verymildDem1046.jpg,1
verymildDem1047.jpg,1
verymildDem1048.jpg,1
verymildDem1049.jpg,1
verymildDem105.jpg,1
verymildDem1050.jpg,1
verymildDem1051.jpg,1
verymildDem1052.jpg,1
verymildDem1053.jpg,1
verymildDem1054.jpg,1
verymildDem1055.jpg,1
verymildDem1056.jpg,1
verymildDem1057.jpg,1
verymildDem1058.jpg,1
verymildDem1059.jpg,1
verymildDem106.jpg,1
verymildDem1060.jpg,1
verymildDem1061.jpg,1
verymildDem1062.jpg,1
verymildDem1063.jpg,1
verymildDem1064.jpg,1
verymildDem1065.jpg,1
verymildDem1066.jpg,1
verymildDem1067.jpg,1
verymildDem1068.jpg,1
verymildDem1069.jpg,1
verymildDem107.jpg,1
verymildDem1070.jpg,1
verymildDem1071.jpg,1
verymildDem1072.jpg,1
verymildDem1073.jpg,1
verymildDem1074.jpg,1
verymildDem1075.jpg,1
verymildDem1076.jpg,1
verymildDem1077.jpg,1
verymildDem1078.jpg,1
verymildDem1079.jpg,1
verymildDem108.jpg,1
verymildDem1080.jpg,1
verymildDem1081.jpg,1
verymildDem1082.jpg,1
verymildDem1083.jpg,1
verymildDem1084.jpg,1
verymildDem1085.jpg,1
verymildDem1086.jpg,1
verymildDem1087.jpg,1
verymildDem1088.jpg,1
verymildDem1089.jpg,1
verymildDem109.jpg,1
verymildDem1090.jpg,1
verymildDem1091.jpg,1
verymildDem1092.jpg,1
verymildDem1093.jpg,1
verymildDem1094.jpg,1
verymildDem1095.jpg,1
verymildDem1096.jpg,1
verymildDem1097.jpg,1
verymildDem1098.jpg,1
verymildDem1099.jpg,1
verymildDem11.jpg,1
verymildDem110.jpg,1
verymildDem1100.jpg,1
verymildDem1101.jpg,1
verymildDem1102.jpg,1
verymildDem1103.jpg,1
verymildDem1104.jpg,1
verymildDem1105.jpg,1
verymildDem1106.jpg,1
verymildDem1107.jpg,1
verymildDem1108.jpg,1
verymildDem1109.jpg,1
verymildDem111.jpg,1
verymildDem1110.jpg,1
verymildDem1111.jpg,1
verymildDem1112.jpg,1
verymildDem1113.jpg,1
verymildDem1114.jpg,1
verymildDem1115.jpg,1
verymildDem1116.jpg,1
verymildDem1117.jpg,1
verymildDem1118.jpg,1
verymildDem1119.jpg,1
verymildDem112.jpg,1
verymildDem1120.jpg,1
verymildDem1121.jpg,1
verymildDem1122.jpg,1
verymildDem1123.jpg,1
verymildDem1124.jpg,1
verymildDem1125.jpg,1
verymildDem1126.jpg,1
verymildDem1127.jpg,1
verymildDem1128.jpg,1
verymildDem1129.jpg,1
verymildDem113.jpg,1
verymildDem1130.jpg,1
verymildDem1131.jpg,1
verymildDem1132.jpg,1
verymildDem1133.jpg,1
verymildDem1134.jpg,1
verymildDem1135.jpg,1
verymildDem1136.jpg,1
verymildDem1137.jpg,1
verymildDem1138.jpg,1
verymildDem1139.jpg,1
verymildDem114.jpg,1
verymildDem1140.jpg,1
verymildDem1141.jpg,1
verymildDem1142.jpg,1
verymildDem1143.jpg,1
verymildDem1144.jpg,1
verymildDem1145.jpg,1
verymildDem1146.jpg,1
verymildDem1147.jpg,1
verymildDem1148.jpg,1
verymildDem1149.jpg,1
verymildDem115.jpg,1
verymildDem1150.jpg,1
verymildDem1151.jpg,1
verymildDem1152.jpg,1
verymildDem1153.jpg,1
verymildDem1154.jpg,1
verymildDem1155.jpg,1
verymildDem1156.jpg,1
verymildDem1157.jpg,1
verymildDem1158.jpg,1
verymildDem1159.jpg,1
verymildDem116.jpg,1
verymildDem1160.jpg,1
verymildDem1161.jpg,1
verymildDem1162.jpg,1
verymildDem1163.jpg,1
verymildDem1164.jpg,1
verymildDem1165.jpg,1
verymildDem1166.jpg,1
verymildDem1167.jpg,1
verymildDem1168.jpg,1
verymildDem1169.jpg,1
verymildDem117.jpg,1
verymildDem1170.jpg,1
verymildDem1171.jpg,1
verymildDem1172.jpg,1
verymildDem1173.jpg,1
verymildDem1174.jpg,1
verymildDem1175.jpg,1
verymildDem1176.jpg,1
verymildDem1177.jpg,1
verymildDem1178.jpg,1
verymildDem1179.jpg,1
verymildDem118.jpg,1
verymildDem1180.jpg,1
verymildDem1181.jpg,1
verymildDem1182.jpg,1
verymildDem1183.jpg,1
verymildDem1184.jpg,1
verymildDem1185.jpg,1
verymildDem1186.jpg,1
verymildDem1187.jpg,1
verymildDem1188.jpg,1
verymildDem1189.jpg,1
verymildDem119.jpg,1
verymildDem1190.jpg,1
verymildDem1191.jpg,1
verymildDem1192.jpg,1
verymildDem1193.jpg,1
verymildDem1194.jpg,1
verymildDem1195.jpg,1
verymildDem1196.jpg,1
verymildDem1197.jpg,1
verymildDem1198.jpg,1
verymildDem1199.jpg,1
verymildDem12.jpg,1
verymildDem120.jpg,1
verymildDem1200.jpg,1
verymildDem1201.jpg,1
verymildDem1202.jpg,1
verymildDem1203.jpg,1
verymildDem1204.jpg,1
verymildDem1205.jpg,1
verymildDem1206.jpg,1
verymildDem1207.jpg,1
verymildDem1208.jpg,1
verymildDem1209.jpg,1
verymildDem121.jpg,1
verymildDem1210.jpg,1
verymildDem1211.jpg,1
verymildDem1212.jpg,1
verymildDem1213.jpg,1
verymildDem1214.jpg,1
verymildDem1215.jpg,1
verymildDem1216.jpg,1
verymildDem1217.jpg,1
verymildDem1218.jpg,1
verymildDem1219.jpg,1
verymildDem122.jpg,1
verymildDem1220.jpg,1
verymildDem1221.jpg,1
verymildDem1222.jpg,1
verymildDem1223.jpg,1
verymildDem1224.jpg,1
verymildDem1225.jpg,1
verymildDem1226.jpg,1
verymildDem1227.jpg,1
verymildDem1228.jpg,1
verymildDem1229.jpg,1
verymildDem123.jpg,1
verymildDem1230.jpg,1
verymildDem1231.jpg,1
verymildDem1232.jpg,1
verymildDem1233.jpg,1
verymildDem1234.jpg,1
verymildDem1235.jpg,1
verymildDem1236.jpg,1
verymildDem1237.jpg,1
verymildDem1238.jpg,1
verymildDem1239.jpg,1
verymildDem124.jpg,1
verymildDem1240.jpg,1
verymildDem1241.jpg,1
verymildDem1242.jpg,1
verymildDem1243.jpg,1
verymildDem1244.jpg,1
verymildDem1245.jpg,1
verymildDem1246.jpg,1
verymildDem1247.jpg,1
verymildDem1248.jpg,1
verymildDem1249.jpg,1
verymildDem125.jpg,1
verymildDem1250.jpg,1
verymildDem1251.jpg,1
verymildDem1252.jpg,1
verymildDem1253.jpg,1
verymildDem1254.jpg,1
verymildDem1255.jpg,1
verymildDem1256.jpg,1
verymildDem1257.jpg,1
verymildDem1258.jpg,1
verymildDem1259.jpg,1
verymildDem126.jpg,1
verymildDem1260.jpg,1
verymildDem1261.jpg,1
verymildDem1262.jpg,1
verymildDem1263.jpg,1
verymildDem1264.jpg,1
verymildDem1265.jpg,1
verymildDem1266.jpg,1
verymildDem1267.jpg,1
verymildDem1268.jpg,1
verymildDem1269.jpg,1
verymildDem127.jpg,1
verymildDem1270.jpg,1
verymildDem1271.jpg,1
verymildDem1272.jpg,1
verymildDem1273.jpg,1
verymildDem1274.jpg,1
verymildDem1275.jpg,1
verymildDem1276.jpg,1
verymildDem1277.jpg,1
verymildDem1278.jpg,1
verymildDem1279.jpg,1
verymildDem128.jpg,1
verymildDem1280.jpg,1
verymildDem1281.jpg,1
verymildDem1282.jpg,1
verymildDem1283.jpg,1
verymildDem1284.jpg,1
verymildDem1285.jpg,1
verymildDem1286.jpg,1
verymildDem1287.jpg,1
verymildDem1288.jpg,1
verymildDem1289.jpg,1
verymildDem129.jpg,1
verymildDem1290.jpg,1
verymildDem1291.jpg,1
verymildDem1292.jpg,1
verymildDem1293.jpg,1
verymildDem1294.jpg,1
verymildDem1295.jpg,1
verymildDem1296.jpg,1
verymildDem1297.jpg,1
verymildDem1298.jpg,1
verymildDem1299.jpg,1
verymildDem13.jpg,1
verymildDem130.jpg,1
verymildDem1300.jpg,1
verymildDem1301.jpg,1
verymildDem1302.jpg,1
verymildDem1303.jpg,1
verymildDem1304.jpg,1
verymildDem1305.jpg,1
verymildDem1306.jpg,1
verymildDem1307.jpg,1
verymildDem1308.jpg,1
verymildDem1309.jpg,1
verymildDem131.jpg,1
verymildDem1310.jpg,1
verymildDem1311.jpg,1
verymildDem1312.jpg,1
verymildDem1313.jpg,1
verymildDem1314.jpg,1
verymildDem1315.jpg,1
verymildDem1316.jpg,1
verymildDem1317.jpg,1
verymildDem1318.jpg,1
verymildDem1319.jpg,1
verymildDem132.jpg,1
verymildDem1320.jpg,1
verymildDem1321.jpg,1
verymildDem1322.jpg,1
verymildDem1323.jpg,1
verymildDem1324.jpg,1
verymildDem1325.jpg,1
verymildDem1326.jpg,1
verymildDem1327.jpg,1
verymildDem1328.jpg,1
verymildDem1329.jpg,1
verymildDem133.jpg,1
verymildDem1330.jpg,1
verymildDem1331.jpg,1
verymildDem1332.jpg,1
verymildDem1333.jpg,1
verymildDem1334.jpg,1
verymildDem1335.jpg,1
verymildDem1336.jpg,1
verymildDem1337.jpg,1
verymildDem1338.jpg,1
verymildDem1339.jpg,1
verymildDem134.jpg,1
verymildDem1340.jpg,1
verymildDem1341.jpg,1
verymildDem1342.jpg,1
verymildDem1343.jpg,1
verymildDem1344.jpg,1
verymildDem1345.jpg,1
verymildDem1346.jpg,1
verymildDem1347.jpg,1
verymildDem1348.jpg,1
verymildDem1349.jpg,1
verymildDem135.jpg,1
verymildDem1350.jpg,1
verymildDem1351.jpg,1
verymildDem1352.jpg,1
verymildDem1353.jpg,1
verymildDem1354.jpg,1
verymildDem1355.jpg,1
verymildDem1356.jpg,1
verymildDem1357.jpg,1
verymildDem1358.jpg,1
verymildDem1359.jpg,1
verymildDem136.jpg,1
verymildDem1360.jpg,1
verymildDem1361.jpg,1
verymildDem1362.jpg,1
verymildDem1363.jpg,1
verymildDem1364.jpg,1
verymildDem1365.jpg,1
verymildDem1366.jpg,1
verymildDem1367.jpg,1
verymildDem1368.jpg,1
verymildDem1369.jpg,1
verymildDem137.jpg,1
verymildDem1370.jpg,1
verymildDem1371.jpg,1
verymildDem1372.jpg,1
verymildDem1373.jpg,1
verymildDem1374.jpg,1
verymildDem1375.jpg,1
verymildDem1376.jpg,1
verymildDem1377.jpg,1
verymildDem1378.jpg,1
verymildDem1379.jpg,1
verymildDem138.jpg,1
verymildDem1380.jpg,1
verymildDem1381.jpg,1
verymildDem1382.jpg,1
verymildDem1383.jpg,1
verymildDem1384.jpg,1
verymildDem1385.jpg,1
verymildDem1386.jpg,1
verymildDem1387.jpg,1
verymildDem1388.jpg,1
verymildDem1389.jpg,1
verymildDem139.jpg,1
verymildDem1390.jpg,1
verymildDem1391.jpg,1
verymildDem1392.jpg,1
verymildDem1393.jpg,1
verymildDem1394.jpg,1
verymildDem1395.jpg,1
verymildDem1396.jpg,1
verymildDem1397.jpg,1
verymildDem1398.jpg,1
verymildDem1399.jpg,1
verymildDem14.jpg,1
verymildDem140.jpg,1
verymildDem1400.jpg,1
verymildDem1401.jpg,1
verymildDem1402.jpg,1
verymildDem1403.jpg,1
verymildDem1404.jpg,1
verymildDem1405.jpg,1
verymildDem1406.jpg,1
verymildDem1407.jpg,1
verymildDem1408.jpg,1
verymildDem1409.jpg,1
verymildDem141.jpg,1
verymildDem1410.jpg,1
verymildDem1411.jpg,1
verymildDem1412.jpg,1
verymildDem1413.jpg,1
verymildDem1414.jpg,1
verymildDem1415.jpg,1
verymildDem1416.jpg,1
verymildDem1417.jpg,1
verymildDem1418.jpg,1
verymildDem1419.jpg,1
verymildDem142.jpg,1
verymildDem1420.jpg,1
verymildDem1421.jpg,1
verymildDem1422.jpg,1
verymildDem1423.jpg,1
verymildDem1424.jpg,1
verymildDem1425.jpg,1
verymildDem1426.jpg,1
verymildDem1427.jpg,1
verymildDem1428.jpg,1
verymildDem1429.jpg,1
verymildDem143.jpg,1
verymildDem1430.jpg,1
verymildDem1431.jpg,1
verymildDem1432.jpg,1
verymildDem1433.jpg,1
verymildDem1434.jpg,1
verymildDem1435.jpg,1
verymildDem1436.jpg,1
verymildDem1437.jpg,1
verymildDem1438.jpg,1
verymildDem1439.jpg,1
verymildDem144.jpg,1
verymildDem1440.jpg,1
verymildDem1441.jpg,1
verymildDem1442.jpg,1
verymildDem1443.jpg,1
verymildDem1444.jpg,1
verymildDem1445.jpg,1
verymildDem1446.jpg,1
verymildDem1447.jpg,1
verymildDem1448.jpg,1
verymildDem1449.jpg,1
verymildDem145.jpg,1
verymildDem1450.jpg,1
verymildDem1451.jpg,1
verymildDem1452.jpg,1
verymildDem1453.jpg,1
verymildDem1454.jpg,1
verymildDem1455.jpg,1
verymildDem1456.jpg,1
verymildDem1457.jpg,1
verymildDem1458.jpg,1
verymildDem1459.jpg,1
verymildDem146.jpg,1
verymildDem1460.jpg,1
verymildDem1461.jpg,1
verymildDem1462.jpg,1
verymildDem1463.jpg,1
verymildDem1464.jpg,1
verymildDem1465.jpg,1
verymildDem1466.jpg,1
verymildDem1467.jpg,1
verymildDem1468.jpg,1
verymildDem1469.jpg,1
verymildDem147.jpg,1
verymildDem1470.jpg,1
verymildDem1471.jpg,1
verymildDem1472.jpg,1
verymildDem1473.jpg,1
verymildDem1474.jpg,1
verymildDem1475.jpg,1
verymildDem1476.jpg,1
verymildDem1477.jpg,1
verymildDem1478.jpg,1
verymildDem1479.jpg,1
verymildDem148.jpg,1
verymildDem1480.jpg,1
verymildDem1481.jpg,1
verymildDem1482.jpg,1
verymildDem1483.jpg,1
verymildDem1484.jpg,1
verymildDem1485.jpg,1
verymildDem1486.jpg,1
verymildDem1487.jpg,1
verymildDem1488.jpg,1
verymildDem1489.jpg,1
verymildDem149.jpg,1
verymildDem1490.jpg,1
verymildDem1491.jpg,1
verymildDem1492.jpg,1
verymildDem1493.jpg,1
verymildDem1494.jpg,1
verymildDem1495.jpg,1
verymildDem1496.jpg,1
verymildDem1497.jpg,1
verymildDem1498.jpg,1
verymildDem1499.jpg,1
verymildDem15.jpg,1
verymildDem150.jpg,1
verymildDem1500.jpg,1
verymildDem1501.jpg,1
verymildDem1502.jpg,1
verymildDem1503.jpg,1
verymildDem1504.jpg,1
verymildDem1505.jpg,1
verymildDem1506.jpg,1
verymildDem1507.jpg,1
verymildDem1508.jpg,1
verymildDem1509.jpg,1
verymildDem151.jpg,1
verymildDem1510.jpg,1
verymildDem1511.jpg,1
verymildDem1512.jpg,1
verymildDem1513.jpg,1
verymildDem1514.jpg,1
verymildDem1515.jpg,1
verymildDem1516.jpg,1
verymildDem1517.jpg,1
verymildDem1518.jpg,1
verymildDem1519.jpg,1
verymildDem152.jpg,1
verymildDem1520.jpg,1
verymildDem1521.jpg,1
verymildDem1522.jpg,1
verymildDem1523.jpg,1
verymildDem1524.jpg,1
verymildDem1525.jpg,1
verymildDem1526.jpg,1
verymildDem1527.jpg,1
verymildDem1528.jpg,1
verymildDem1529.jpg,1
verymildDem153.jpg,1
verymildDem1530.jpg,1
verymildDem1532.jpg,1
verymildDem1533.jpg,1
verymildDem1534.jpg,1
verymildDem1535.jpg,1
verymildDem1536.jpg,1
verymildDem1537.jpg,1
verymildDem1538.jpg,1
verymildDem1539.jpg,1
verymildDem154.jpg,1
verymildDem1540.jpg,1
verymildDem1541.jpg,1
verymildDem1542.jpg,1
verymildDem1543.jpg,1
verymildDem1544.jpg,1
verymildDem1545.jpg,1
verymildDem1546.jpg,1
verymildDem1547.jpg,1
verymildDem1548.jpg,1
verymildDem1549.jpg,1
verymildDem155.jpg,1
verymildDem1550.jpg,1
verymildDem1551.jpg,1
verymildDem1552.jpg,1
verymildDem1553.jpg,1
verymildDem1554.jpg,1
verymildDem1555.jpg,1
verymildDem1556.jpg,1
verymildDem1557.jpg,1
verymildDem1558.jpg,1
verymildDem1559.jpg,1
verymildDem156.jpg,1
verymildDem1560.jpg,1
verymildDem1561.jpg,1
verymildDem1562.jpg,1
verymildDem1563.jpg,1
verymildDem1564.jpg,1
verymildDem1565.jpg,1
verymildDem1566.jpg,1
verymildDem1567.jpg,1
verymildDem1568.jpg,1
verymildDem1569.jpg,1
verymildDem157.jpg,1
verymildDem1570.jpg,1
verymildDem1571.jpg,1
verymildDem1572.jpg,1
verymildDem1573.jpg,1
verymildDem1574.jpg,1
verymildDem1575.jpg,1
verymildDem1576.jpg,1
verymildDem1577.jpg,1
verymildDem1578.jpg,1
verymildDem1579.jpg,1
verymildDem158.jpg,1
verymildDem1580.jpg,1
verymildDem1581.jpg,1
verymildDem1582.jpg,1
verymildDem1583.jpg,1
verymildDem1584.jpg,1
verymildDem1585.jpg,1
verymildDem1586.jpg,1
verymildDem1587.jpg,1
verymildDem1588.jpg,1
verymildDem1589.jpg,1
verymildDem159.jpg,1
verymildDem1590.jpg,1
verymildDem1591.jpg,1
verymildDem1592.jpg,1
verymildDem1593.jpg,1
verymildDem1594.jpg,1
verymildDem1595.jpg,1
verymildDem1596.jpg,1
verymildDem1597.jpg,1
verymildDem1598.jpg,1
verymildDem1599.jpg,1
verymildDem16.jpg,1
verymildDem160.jpg,1
verymildDem1600.jpg,1
verymildDem1601.jpg,1
verymildDem1602.jpg,1
verymildDem1603.jpg,1
verymildDem1604.jpg,1
verymildDem1605.jpg,1
verymildDem1606.jpg,1
verymildDem1607.jpg,1
verymildDem1608.jpg,1
verymildDem1609.jpg,1
verymildDem161.jpg,1
verymildDem1610.jpg,1
verymildDem1611.jpg,1
verymildDem1612.jpg,1
verymildDem1613.jpg,1
verymildDem1614.jpg,1
verymildDem1615.jpg,1
verymildDem1616.jpg,1
verymildDem1617.jpg,1
verymildDem1618.jpg,1
verymildDem1619.jpg,1
verymildDem162.jpg,1
verymildDem1620.jpg,1
verymildDem1621.jpg,1
verymildDem1622.jpg,1
verymildDem1623.jpg,1
verymildDem1624.jpg,1
verymildDem1625.jpg,1
verymildDem1626.jpg,1
verymildDem1627.jpg,1
verymildDem1628.jpg,1
verymildDem1629.jpg,1
verymildDem163.jpg,1
verymildDem164.jpg,1
verymildDem165.jpg,1
verymildDem166.jpg,1
verymildDem167.jpg,1
verymildDem168.jpg,1
verymildDem169.jpg,1
verymildDem17.jpg,1
verymildDem170.jpg,1
verymildDem171.jpg,1
verymildDem172.jpg,1
verymildDem173.jpg,1
verymildDem174.jpg,1
verymildDem175.jpg,1
verymildDem176.jpg,1
verymildDem177.jpg,1
verymildDem178.jpg,1
verymildDem179.jpg,1
verymildDem18.jpg,1
verymildDem180.jpg,1
verymildDem181.jpg,1
verymildDem182.jpg,1
verymildDem183.jpg,1
verymildDem184.jpg,1
verymildDem185.jpg,1
verymildDem186.jpg,1
verymildDem187.jpg,1
verymildDem188.jpg,1
verymildDem189.jpg,1
verymildDem19.jpg,1
verymildDem190.jpg,1
verymildDem191.jpg,1
verymildDem192.jpg,1
verymildDem193.jpg,1
verymildDem194.jpg,1
verymildDem195.jpg,1
verymildDem196.jpg,1
verymildDem197.jpg,1
verymildDem198.jpg,1
verymildDem199.jpg,1
verymildDem2.jpg,1
verymildDem20.jpg,1
verymildDem200.jpg,1
verymildDem201.jpg,1
verymildDem202.jpg,1
verymildDem203.jpg,1
verymildDem204.jpg,1
verymildDem205.jpg,1
verymildDem206.jpg,1
verymildDem207.jpg,1
verymildDem208.jpg,1
verymildDem209.jpg,1
verymildDem21.jpg,1
verymildDem210.jpg,1
verymildDem211.jpg,1
verymildDem212.jpg,1
verymildDem213.jpg,1
verymildDem214.jpg,1
verymildDem215.jpg,1
verymildDem216.jpg,1
verymildDem217.jpg,1
verymildDem218.jpg,1
verymildDem219.jpg,1
verymildDem22.jpg,1
verymildDem220.jpg,1
verymildDem221.jpg,1
verymildDem222.jpg,1
verymildDem223.jpg,1
verymildDem224.jpg,1
verymildDem225.jpg,1
verymildDem226.jpg,1
verymildDem227.jpg,1
verymildDem228.jpg,1
verymildDem229.jpg,1
verymildDem23.jpg,1
verymildDem230.jpg,1
verymildDem231.jpg,1
verymildDem232.jpg,1
verymildDem233.jpg,1
verymildDem234.jpg,1
verymildDem235.jpg,1
verymildDem236.jpg,1
verymildDem237.jpg,1
verymildDem238.jpg,1
verymildDem239.jpg,1
verymildDem24.jpg,1
verymildDem240.jpg,1
verymildDem241.jpg,1
verymildDem242.jpg,1
verymildDem243.jpg,1
verymildDem244.jpg,1
verymildDem245.jpg,1
verymildDem246.jpg,1
verymildDem247.jpg,1
verymildDem248.jpg,1
verymildDem249.jpg,1
verymildDem25.jpg,1
verymildDem250.jpg,1
verymildDem251.jpg,1
verymildDem252.jpg,1
verymildDem253.jpg,1
verymildDem254.jpg,1
verymildDem255.jpg,1
verymildDem256.jpg,1
verymildDem257.jpg,1
verymildDem258.jpg,1
verymildDem259.jpg,1
verymildDem26.jpg,1
verymildDem260.jpg,1
verymildDem261.jpg,1
verymildDem262.jpg,1
verymildDem263.jpg,1
verymildDem264.jpg,1
verymildDem265.jpg,1
verymildDem266.jpg,1
verymildDem267.jpg,1
verymildDem268.jpg,1
verymildDem269.jpg,1
verymildDem27.jpg,1
verymildDem270.jpg,1
verymildDem271.jpg,1
verymildDem272.jpg,1
verymildDem273.jpg,1
verymildDem274.jpg,1
verymildDem275.jpg,1
verymildDem276.jpg,1
verymildDem277.jpg,1
verymildDem278.jpg,1
verymildDem279.jpg,1
verymildDem28.jpg,1
verymildDem280.jpg,1
verymildDem281.jpg,1
verymildDem282.jpg,1
verymildDem283.jpg,1
verymildDem284.jpg,1
verymildDem285.jpg,1
verymildDem286.jpg,1
verymildDem287.jpg,1
verymildDem288.jpg,1
verymildDem289.jpg,1
verymildDem29.jpg,1
verymildDem290.jpg,1
verymildDem291.jpg,1
verymildDem292.jpg,1
verymildDem293.jpg,1
verymildDem294.jpg,1
verymildDem295.jpg,1
verymildDem296.jpg,1
verymildDem297.jpg,1
verymildDem298.jpg,1
verymildDem299.jpg,1
verymildDem3.jpg,1
verymildDem30.jpg,1
verymildDem300.jpg,1
verymildDem301.jpg,1
verymildDem302.jpg,1
verymildDem303.jpg,1
verymildDem304.jpg,1
verymildDem305.jpg,1
verymildDem306.jpg,1
verymildDem307.jpg,1
verymildDem308.jpg,1
verymildDem309.jpg,1
verymildDem31.jpg,1
verymildDem310.jpg,1
verymildDem311.jpg,1
verymildDem312.jpg,1
verymildDem313.jpg,1
verymildDem314.jpg,1
verymildDem315.jpg,1
verymildDem316.jpg,1
verymildDem317.jpg,1
verymildDem318.jpg,1
verymildDem319.jpg,1
verymildDem32.jpg,1
verymildDem320.jpg,1
verymildDem321.jpg,1
verymildDem322.jpg,1
verymildDem323.jpg,1
verymildDem324.jpg,1
verymildDem325.jpg,1
verymildDem326.jpg,1
verymildDem327.jpg,1
verymildDem328.jpg,1
verymildDem329.jpg,1
verymildDem33.jpg,1
verymildDem330.jpg,1
verymildDem331.jpg,1
verymildDem332.jpg,1
verymildDem333.jpg,1
verymildDem334.jpg,1
verymildDem335.jpg,1
verymildDem336.jpg,1
verymildDem337.jpg,1
verymildDem338.jpg,1
verymildDem339.jpg,1
verymildDem34.jpg,1
verymildDem340.jpg,1
verymildDem341.jpg,1
verymildDem342.jpg,1
verymildDem343.jpg,1
verymildDem344.jpg,1
verymildDem345.jpg,1
verymildDem346.jpg,1
verymildDem347.jpg,1
verymildDem348.jpg,1
verymildDem349.jpg,1
verymildDem35.jpg,1
verymildDem350.jpg,1
verymildDem351.jpg,1
verymildDem352.jpg,1
verymildDem353.jpg,1
verymildDem354.jpg,1
verymildDem355.jpg,1
verymildDem356.jpg,1
verymildDem357.jpg,1
verymildDem358.jpg,1
verymildDem359.jpg,1
verymildDem36.jpg,1
verymildDem360.jpg,1
verymildDem361.jpg,1
verymildDem362.jpg,1
verymildDem363.jpg,1
verymildDem364.jpg,1
verymildDem365.jpg,1
verymildDem366.jpg,1
verymildDem367.jpg,1
verymildDem368.jpg,1
verymildDem369.jpg,1
verymildDem37.jpg,1
verymildDem370.jpg,1
verymildDem371.jpg,1
verymildDem372.jpg,1
verymildDem373.jpg,1
verymildDem374.jpg,1
verymildDem375.jpg,1
verymildDem376.jpg,1
verymildDem377.jpg,1
verymildDem378.jpg,1
verymildDem379.jpg,1
verymildDem38.jpg,1
verymildDem380.jpg,1
verymildDem381.jpg,1
verymildDem382.jpg,1
verymildDem383.jpg,1
verymildDem384.jpg,1
verymildDem385.jpg,1
verymildDem386.jpg,1
verymildDem387.jpg,1
verymildDem388.jpg,1
verymildDem389.jpg,1
verymildDem39.jpg,1
verymildDem390.jpg,1
verymildDem391.jpg,1
verymildDem392.jpg,1
verymildDem393.jpg,1
verymildDem394.jpg,1
verymildDem395.jpg,1
verymildDem396.jpg,1
verymildDem397.jpg,1
verymildDem398.jpg,1
verymildDem399.jpg,1
verymildDem4.jpg,1
verymildDem40.jpg,1
verymildDem400.jpg,1
verymildDem401.jpg,1
verymildDem402.jpg,1
verymildDem403.jpg,1
verymildDem404.jpg,1
verymildDem405.jpg,1
verymildDem406.jpg,1
verymildDem407.jpg,1
verymildDem408.jpg,1
verymildDem409.jpg,1
verymildDem41.jpg,1
verymildDem410.jpg,1
verymildDem411.jpg,1
verymildDem412.jpg,1
verymildDem413.jpg,1
verymildDem414.jpg,1
verymildDem415.jpg,1
verymildDem416.jpg,1
verymildDem417.jpg,1
verymildDem418.jpg,1
verymildDem419.jpg,1
verymildDem42.jpg,1
verymildDem420.jpg,1
verymildDem421.jpg,1
verymildDem422.jpg,1
verymildDem423.jpg,1
verymildDem424.jpg,1
verymildDem425.jpg,1
verymildDem426.jpg,1
verymildDem427.jpg,1
verymildDem428.jpg,1
verymildDem429.jpg,1
verymildDem43.jpg,1
verymildDem430.jpg,1
verymildDem431.jpg,1
verymildDem432.jpg,1
verymildDem433.jpg,1
verymildDem434.jpg,1
verymildDem435.jpg,1
verymildDem436.jpg,1
verymildDem437.jpg,1
verymildDem438.jpg,1
verymildDem439.jpg,1
verymildDem44.jpg,1
verymildDem440.jpg,1
verymildDem441.jpg,1
verymildDem442.jpg,1
verymildDem443.jpg,1
verymildDem444.jpg,1
verymildDem445.jpg,1
verymildDem446.jpg,1
verymildDem447.jpg,1
verymildDem448.jpg,1
verymildDem449.jpg,1
verymildDem45.jpg,1
verymildDem450.jpg,1
verymildDem451.jpg,1
verymildDem452.jpg,1
verymildDem453.jpg,1
verymildDem454.jpg,1
verymildDem455.jpg,1
verymildDem456.jpg,1
verymildDem457.jpg,1
verymildDem458.jpg,1
verymildDem459.jpg,1
verymildDem46.jpg,1
verymildDem460.jpg,1
verymildDem461.jpg,1
verymildDem462.jpg,1
verymildDem463.jpg,1
verymildDem464.jpg,1
verymildDem465.jpg,1
verymildDem466.jpg,1
verymildDem467.jpg,1
verymildDem468.jpg,1
verymildDem469.jpg,1
verymildDem47.jpg,1
verymildDem470.jpg,1
verymildDem471.jpg,1
verymildDem472.jpg,1
verymildDem473.jpg,1
verymildDem474.jpg,1
verymildDem475.jpg,1
verymildDem476.jpg,1
verymildDem477.jpg,1
verymildDem478.jpg,1
verymildDem479.jpg,1
verymildDem48.jpg,1
verymildDem480.jpg,1
verymildDem481.jpg,1
verymildDem482.jpg,1
verymildDem483.jpg,1
verymildDem484.jpg,1
verymildDem485.jpg,1
verymildDem486.jpg,1
verymildDem487.jpg,1
verymildDem488.jpg,1
verymildDem489.jpg,1
verymildDem49.jpg,1
verymildDem490.jpg,1
verymildDem491.jpg,1
verymildDem492.jpg,1
verymildDem493.jpg,1
verymildDem494.jpg,1
verymildDem495.jpg,1
verymildDem496.jpg,1
verymildDem497.jpg,1
verymildDem498.jpg,1
verymildDem499.jpg,1
verymildDem5.jpg,1
verymildDem50.jpg,1
verymildDem500.jpg,1
verymildDem501.jpg,1
verymildDem502.jpg,1
verymildDem503.jpg,1
verymildDem504.jpg,1
verymildDem505.jpg,1
verymildDem506.jpg,1
verymildDem507.jpg,1
verymildDem508.jpg,1
verymildDem509.jpg,1
verymildDem51.jpg,1
verymildDem510.jpg,1
verymildDem511.jpg,1
verymildDem512.jpg,1
verymildDem513.jpg,1
verymildDem514.jpg,1
verymildDem515.jpg,1
verymildDem516.jpg,1
verymildDem517.jpg,1
verymildDem518.jpg,1
verymildDem519.jpg,1
verymildDem52.jpg,1
verymildDem520.jpg,1
verymildDem521.jpg,1
verymildDem522.jpg,1
verymildDem523.jpg,1
verymildDem524.jpg,1
verymildDem525.jpg,1
verymildDem526.jpg,1
verymildDem527.jpg,1
verymildDem528.jpg,1
verymildDem529.jpg,1
verymildDem53.jpg,1
verymildDem530.jpg,1
verymildDem531.jpg,1
verymildDem532.jpg,1
verymildDem533.jpg,1
verymildDem534.jpg,1
verymildDem535.jpg,1
verymildDem536.jpg,1
verymildDem537.jpg,1
verymildDem538.jpg,1
verymildDem539.jpg,1
verymildDem54.jpg,1
verymildDem540.jpg,1
verymildDem541.jpg,1
verymildDem542.jpg,1
verymildDem543.jpg,1
verymildDem544.jpg,1
verymildDem545.jpg,1
verymildDem546.jpg,1
verymildDem547.jpg,1
verymildDem548.jpg,1
verymildDem549.jpg,1
verymildDem55.jpg,1
verymildDem550.jpg,1
verymildDem551.jpg,1
verymildDem552.jpg,1
verymildDem553.jpg,1
verymildDem554.jpg,1
verymildDem555.jpg,1
verymildDem556.jpg,1
verymildDem557.jpg,1
verymildDem558.jpg,1
verymildDem559.jpg,1
verymildDem56.jpg,1
verymildDem560.jpg,1
verymildDem561.jpg,1
verymildDem562.jpg,1
verymildDem563.jpg,1
verymildDem564.jpg,1
verymildDem565.jpg,1
verymildDem566.jpg,1
verymildDem567.jpg,1
verymildDem568.jpg,1
verymildDem569.jpg,1
verymildDem57.jpg,1
verymildDem570.jpg,1
verymildDem571.jpg,1
verymildDem572.jpg,1
verymildDem573.jpg,1
verymildDem574.jpg,1
verymildDem575.jpg,1
verymildDem576.jpg,1
verymildDem577.jpg,1
verymildDem578.jpg,1
verymildDem579.jpg,1
verymildDem58.jpg,1
verymildDem580.jpg,1
verymildDem581.jpg,1
verymildDem582.jpg,1
verymildDem583.jpg,1
verymildDem584.jpg,1
verymildDem585.jpg,1
verymildDem586.jpg,1
verymildDem587.jpg,1
verymildDem588.jpg,1
verymildDem589.jpg,1
verymildDem59.jpg,1
verymildDem590.jpg,1
verymildDem591.jpg,1
verymildDem592.jpg,1
verymildDem593.jpg,1
verymildDem594.jpg,1
verymildDem595.jpg,1
verymildDem596.jpg,1
verymildDem597.jpg,1
verymildDem598.jpg,1
verymildDem599.jpg,1
verymildDem6.jpg,1
verymildDem60.jpg,1
verymildDem600.jpg,1
verymildDem601.jpg,1
verymildDem602.jpg,1
verymildDem603.jpg,1
verymildDem604.jpg,1
verymildDem605.jpg,1
verymildDem606.jpg,1
verymildDem607.jpg,1
verymildDem608.jpg,1
verymildDem609.jpg,1
verymildDem61.jpg,1
verymildDem610.jpg,1
verymildDem611.jpg,1
verymildDem612.jpg,1
verymildDem613.jpg,1
verymildDem614.jpg,1
verymildDem615.jpg,1
verymildDem616.jpg,1
verymildDem617.jpg,1
verymildDem618.jpg,1
verymildDem619.jpg,1
verymildDem62.jpg,1
verymildDem620.jpg,1
verymildDem621.jpg,1
verymildDem622.jpg,1
verymildDem623.jpg,1
verymildDem624.jpg,1
verymildDem625.jpg,1
verymildDem626.jpg,1
verymildDem627.jpg,1
verymildDem628.jpg,1
verymildDem629.jpg,1
verymildDem63.jpg,1
verymildDem630.jpg,1
verymildDem631.jpg,1
verymildDem632.jpg,1
verymildDem633.jpg,1
verymildDem634.jpg,1
verymildDem635.jpg,1
verymildDem636.jpg,1
verymildDem637.jpg,1
verymildDem638.jpg,1
verymildDem639.jpg,1
verymildDem64.jpg,1
verymildDem640.jpg,1
verymildDem641.jpg,1
verymildDem642.jpg,1
verymildDem643.jpg,1
verymildDem644.jpg,1
verymildDem645.jpg,1
verymildDem646.jpg,1
verymildDem647.jpg,1
verymildDem648.jpg,1
verymildDem649.jpg,1
verymildDem65.jpg,1
verymildDem650.jpg,1
verymildDem651.jpg,1
verymildDem652.jpg,1
verymildDem653.jpg,1
verymildDem654.jpg,1
verymildDem655.jpg,1
verymildDem656.jpg,1
verymildDem657.jpg,1
verymildDem658.jpg,1
verymildDem659.jpg,1
verymildDem66.jpg,1
verymildDem660.jpg,1
verymildDem661.jpg,1
verymildDem662.jpg,1
verymildDem663.jpg,1
verymildDem664.jpg,1
verymildDem665.jpg,1
verymildDem666.jpg,1
verymildDem667.jpg,1
verymildDem668.jpg,1
verymildDem669.jpg,1
verymildDem67.jpg,1
verymildDem670.jpg,1
verymildDem671.jpg,1
verymildDem672.jpg,1
verymildDem673.jpg,1
verymildDem674.jpg,1
verymildDem675.jpg,1
verymildDem676.jpg,1
verymildDem677.jpg,1
verymildDem678.jpg,1
verymildDem679.jpg,1
verymildDem68.jpg,1
verymildDem680.jpg,1
verymildDem681.jpg,1
verymildDem682.jpg,1
verymildDem683.jpg,1
verymildDem684.jpg,1
verymildDem685.jpg,1
verymildDem686.jpg,1
verymildDem687.jpg,1
verymildDem688.jpg,1
verymildDem689.jpg,1
verymildDem69.jpg,1
verymildDem690.jpg,1
verymildDem691.jpg,1
verymildDem692.jpg,1
verymildDem693.jpg,1
verymildDem694.jpg,1
verymildDem695.jpg,1
verymildDem696.jpg,1
verymildDem697.jpg,1
verymildDem698.jpg,1
verymildDem699.jpg,1
verymildDem7.jpg,1
verymildDem70.jpg,1
verymildDem700.jpg,1
verymildDem701.jpg,1
verymildDem702.jpg,1
verymildDem703.jpg,1
verymildDem704.jpg,1
verymildDem705.jpg,1
verymildDem706.jpg,1
verymildDem707.jpg,1
verymildDem708.jpg,1
verymildDem709.jpg,1
verymildDem71.jpg,1
verymildDem710.jpg,1
verymildDem711.jpg,1
verymildDem712.jpg,1
verymildDem713.jpg,1
verymildDem714.jpg,1
verymildDem715.jpg,1
verymildDem716.jpg,1
verymildDem717.jpg,1
verymildDem718.jpg,1
verymildDem719.jpg,1
verymildDem72.jpg,1
verymildDem720.jpg,1
verymildDem721.jpg,1
verymildDem722.jpg,1
verymildDem723.jpg,1
verymildDem724.jpg,1
verymildDem725.jpg,1
verymildDem726.jpg,1
verymildDem727.jpg,1
verymildDem728.jpg,1
verymildDem729.jpg,1
verymildDem73.jpg,1
verymildDem730.jpg,1
verymildDem731.jpg,1
verymildDem732.jpg,1
verymildDem733.jpg,1
verymildDem734.jpg,1
verymildDem735.jpg,1
verymildDem736.jpg,1
verymildDem737.jpg,1
verymildDem738.jpg,1
verymildDem739.jpg,1
verymildDem74.jpg,1
verymildDem740.jpg,1
verymildDem741.jpg,1
verymildDem742.jpg,1
verymildDem743.jpg,1
verymildDem744.jpg,1
verymildDem745.jpg,1
verymildDem746.jpg,1
verymildDem747.jpg,1
verymildDem748.jpg,1
verymildDem749.jpg,1
verymildDem75.jpg,1
verymildDem750.jpg,1
verymildDem751.jpg,1
verymildDem752.jpg,1
verymildDem753.jpg,1
verymildDem754.jpg,1
verymildDem755.jpg,1
verymildDem756.jpg,1
verymildDem757.jpg,1
verymildDem758.jpg,1
verymildDem759.jpg,1
verymildDem76.jpg,1
verymildDem760.jpg,1
verymildDem761.jpg,1
verymildDem762.jpg,1
verymildDem763.jpg,1
verymildDem764.jpg,1
verymildDem765.jpg,1
verymildDem766.jpg,1
verymildDem767.jpg,1
verymildDem768.jpg,1
verymildDem769.jpg,1
verymildDem77.jpg,1
verymildDem770.jpg,1
verymildDem771.jpg,1
verymildDem772.jpg,1
verymildDem773.jpg,1
verymildDem774.jpg,1
verymildDem775.jpg,1
verymildDem776.jpg,1
verymildDem777.jpg,1
verymildDem778.jpg,1
verymildDem779.jpg,1
verymildDem78.jpg,1
verymildDem780.jpg,1
verymildDem781.jpg,1
verymildDem782.jpg,1
verymildDem783.jpg,1
verymildDem784.jpg,1
verymildDem785.jpg,1
verymildDem786.jpg,1
verymildDem787.jpg,1
verymildDem788.jpg,1
verymildDem789.jpg,1
verymildDem79.jpg,1
verymildDem790.jpg,1
verymildDem791.jpg,1
verymildDem792.jpg,1
verymildDem793.jpg,1
verymildDem794.jpg,1
verymildDem795.jpg,1
verymildDem796.jpg,1
verymildDem797.jpg,1
verymildDem798.jpg,1
verymildDem799.jpg,1
verymildDem8.jpg,1
verymildDem80.jpg,1
verymildDem800.jpg,1
verymildDem801.jpg,1
verymildDem802.jpg,1
verymildDem803.jpg,1
verymildDem804.jpg,1
verymildDem805.jpg,1
verymildDem806.jpg,1
verymildDem807.jpg,1
verymildDem808.jpg,1
verymildDem809.jpg,1
verymildDem81.jpg,1
verymildDem810.jpg,1
verymildDem811.jpg,1
verymildDem812.jpg,1
verymildDem813.jpg,1
verymildDem814.jpg,1
verymildDem815.jpg,1
verymildDem816.jpg,1
verymildDem817.jpg,1
verymildDem818.jpg,1
verymildDem819.jpg,1
verymildDem82.jpg,1
verymildDem820.jpg,1
verymildDem821.jpg,1
verymildDem822.jpg,1
verymildDem823.jpg,1
verymildDem824.jpg,1
verymildDem825.jpg,1
verymildDem826.jpg,1
verymildDem827.jpg,1
verymildDem828.jpg,1
verymildDem829.jpg,1
verymildDem83.jpg,1
verymildDem830.jpg,1
verymildDem831.jpg,1
verymildDem832.jpg,1
verymildDem833.jpg,1
verymildDem834.jpg,1
verymildDem835.jpg,1
verymildDem836.jpg,1
verymildDem837.jpg,1
verymildDem838.jpg,1
verymildDem839.jpg,1
verymildDem84.jpg,1
verymildDem840.jpg,1
verymildDem841.jpg,1
verymildDem842.jpg,1
verymildDem843.jpg,1
verymildDem844.jpg,1
verymildDem845.jpg,1
verymildDem846.jpg,1
verymildDem847.jpg,1
verymildDem848.jpg,1
verymildDem849.jpg,1
verymildDem85.jpg,1
verymildDem850.jpg,1
verymildDem851.jpg,1
verymildDem852.jpg,1
verymildDem853.jpg,1
verymildDem854.jpg,1
verymildDem855.jpg,1
verymildDem856.jpg,1
verymildDem857.jpg,1
verymildDem858.jpg,1
verymildDem859.jpg,1
verymildDem86.jpg,1
verymildDem860.jpg,1
verymildDem861.jpg,1
verymildDem862.jpg,1
verymildDem863.jpg,1
verymildDem864.jpg,1
verymildDem865.jpg,1
verymildDem866.jpg,1
verymildDem867.jpg,1
verymildDem868.jpg,1
verymildDem869.jpg,1
verymildDem87.jpg,1
verymildDem870.jpg,1
verymildDem871.jpg,1
verymildDem872.jpg,1
verymildDem873.jpg,1
verymildDem874.jpg,1
verymildDem875.jpg,1
verymildDem876.jpg,1
verymildDem877.jpg,1
verymildDem878.jpg,1
verymildDem879.jpg,1
verymildDem88.jpg,1
verymildDem880.jpg,1
verymildDem881.jpg,1
verymildDem882.jpg,1
verymildDem883.jpg,1
verymildDem884.jpg,1
verymildDem885.jpg,1
verymildDem886.jpg,1
verymildDem887.jpg,1
verymildDem888.jpg,1
verymildDem889.jpg,1
verymildDem89.jpg,1
verymildDem890.jpg,1
verymildDem891.jpg,1
verymildDem892.jpg,1
verymildDem893.jpg,1
verymildDem894.jpg,1
verymildDem895.jpg,1
verymildDem896.jpg,1
verymildDem897.jpg,1
verymildDem898.jpg,1
verymildDem899.jpg,1
verymildDem9.jpg,1
verymildDem90.jpg,1
verymildDem900.jpg,1
verymildDem901.jpg,1
verymildDem902.jpg,1
verymildDem903.jpg,1
verymildDem904.jpg,1
verymildDem905.jpg,1
verymildDem906.jpg,1
verymildDem907.jpg,1
verymildDem908.jpg,1
verymildDem909.jpg,1
verymildDem91.jpg,1
verymildDem910.jpg,1
verymildDem911.jpg,1
verymildDem912.jpg,1
verymildDem913.jpg,1
verymildDem914.jpg,1
verymildDem915.jpg,1
verymildDem916.jpg,1
verymildDem917.jpg,1
verymildDem918.jpg,1
verymildDem919.jpg,1
verymildDem92.jpg,1
verymildDem920.jpg,1
verymildDem921.jpg,1
verymildDem922.jpg,1
verymildDem923.jpg,1
verymildDem924.jpg,1
verymildDem925.jpg,1
verymildDem926.jpg,1
verymildDem927.jpg,1
verymildDem928.jpg,1
verymildDem929.jpg,1
verymildDem93.jpg,1
verymildDem930.jpg,1
verymildDem931.jpg,1
verymildDem932.jpg,1
verymildDem933.jpg,1
verymildDem934.jpg,1
verymildDem935.jpg,1
verymildDem936.jpg,1
verymildDem937.jpg,1
verymildDem938.jpg,1
verymildDem939.jpg,1
verymildDem94.jpg,1
verymildDem940.jpg,1
verymildDem941.jpg,1
verymildDem942.jpg,1
verymildDem943.jpg,1
verymildDem944.jpg,1
verymildDem945.jpg,1
verymildDem946.jpg,1
verymildDem947.jpg,1
verymildDem948.jpg,1
verymildDem949.jpg,1
verymildDem95.jpg,1
verymildDem950.jpg,1
verymildDem951.jpg,1
verymildDem952.jpg,1
verymildDem953.jpg,1
verymildDem954.jpg,1
verymildDem955.jpg,1
verymildDem956.jpg,1
verymildDem957.jpg,1
verymildDem958.jpg,1
verymildDem959.jpg,1
verymildDem96.jpg,1
verymildDem960.jpg,1
verymildDem961.jpg,1
verymildDem962.jpg,1
verymildDem963.jpg,1
verymildDem964.jpg,1
verymildDem965.jpg,1
verymildDem966.jpg,1
verymildDem967.jpg,1
verymildDem968.jpg,1
verymildDem969.jpg,1
verymildDem97.jpg,1
verymildDem970.jpg,1
verymildDem971.jpg,1
verymildDem972.jpg,1
verymildDem973.jpg,1
verymildDem974.jpg,1
verymildDem975.jpg,1
verymildDem976.jpg,1
verymildDem977.jpg,1
verymildDem978.jpg,1
verymildDem979.jpg,1
verymildDem98.jpg,1
verymildDem980.jpg,1
verymildDem981.jpg,1
verymildDem982.jpg,1
verymildDem983.jpg,1
verymildDem984.jpg,1
verymildDem985.jpg,1
verymildDem986.jpg,1
verymildDem987.jpg,1
verymildDem988.jpg,1
verymildDem989.jpg,1
verymildDem99.jpg,1
verymildDem990.jpg,1
verymildDem991.jpg,1
verymildDem992.jpg,1
verymildDem993.jpg,1
verymildDem994.jpg,1
verymildDem995.jpg,1
verymildDem996.jpg,1
verymildDem997.jpg,1
verymildDem998.jpg,1
verymildDem999.jpg,1
mildDem0.jpg,2
mildDem1.jpg,2
mildDem10.jpg,2
mildDem100.jpg,2
mildDem101.jpg,2
mildDem102.jpg,2
mildDem103.jpg,2
mildDem104.jpg,2
mildDem105.jpg,2
mildDem106.jpg,2
mildDem107.jpg,2
mildDem108.jpg,2
mildDem109.jpg,2
mildDem11.jpg,2
mildDem110.jpg,2
mildDem111.jpg,2
mildDem112.jpg,2
mildDem113.jpg,2
mildDem114.jpg,2
mildDem115.jpg,2
mildDem116.jpg,2
mildDem117.jpg,2
mildDem118.jpg,2
mildDem119.jpg,2
mildDem12.jpg,2
mildDem120.jpg,2
mildDem121.jpg,2
mildDem122.jpg,2
mildDem123.jpg,2
mildDem124.jpg,2
mildDem125.jpg,2
mildDem126.jpg,2
mildDem127.jpg,2
mildDem128.jpg,2
mildDem129.jpg,2
mildDem13.jpg,2
mildDem130.jpg,2
mildDem131.jpg,2
mildDem132.jpg,2
mildDem133.jpg,2
mildDem134.jpg,2
mildDem135.jpg,2
mildDem136.jpg,2
mildDem137.jpg,2
mildDem138.jpg,2
mildDem139.jpg,2
mildDem14.jpg,2
mildDem140.jpg,2
mildDem141.jpg,2
mildDem142.jpg,2
mildDem143.jpg,2
mildDem144.jpg,2
mildDem145.jpg,2
mildDem146.jpg,2
mildDem147.jpg,2
mildDem148.jpg,2
mildDem149.jpg,2
mildDem15.jpg,2
mildDem150.jpg,2
mildDem151.jpg,2
mildDem152.jpg,2
mildDem153.jpg,2
mildDem154.jpg,2
mildDem155.jpg,2
mildDem156.jpg,2
mildDem157.jpg,2
mildDem158.jpg,2
mildDem159.jpg,2
mildDem16.jpg,2
mildDem160.jpg,2
mildDem161.jpg,2
mildDem162.jpg,2
mildDem163.jpg,2
mildDem164.jpg,2
mildDem165.jpg,2
mildDem166.jpg,2
mildDem167.jpg,2
mildDem168.jpg,2
mildDem169.jpg,2
mildDem17.jpg,2
mildDem170.jpg,2
mildDem171.jpg,2
mildDem172.jpg,2
mildDem173.jpg,2
mildDem174.jpg,2
mildDem175.jpg,2
mildDem176.jpg,2
mildDem177.jpg,2
mildDem178.jpg,2
mildDem179.jpg,2
mildDem18.jpg,2
mildDem180.jpg,2
mildDem181.jpg,2
mildDem182.jpg,2
mildDem183.jpg,2
mildDem184.jpg,2
mildDem185.jpg,2
mildDem186.jpg,2
mildDem187.jpg,2
mildDem188.jpg,2
mildDem189.jpg,2
mildDem19.jpg,2
mildDem190.jpg,2
mildDem191.jpg,2
mildDem192.jpg,2
mildDem193.jpg,2
mildDem194.jpg,2
mildDem195.jpg,2
mildDem196.jpg,2
mildDem197.jpg,2
mildDem198.jpg,2
mildDem199.jpg,2
mildDem2.jpg,2
mildDem20.jpg,2
mildDem200.jpg,2
mildDem201.jpg,2
mildDem202.jpg,2
mildDem203.jpg,2
mildDem204.jpg,2
mildDem205.jpg,2
mildDem206.jpg,2
mildDem207.jpg,2
mildDem208.jpg,2
mildDem209.jpg,2
mildDem21.jpg,2
mildDem210.jpg,2
mildDem211.jpg,2
mildDem212.jpg,2
mildDem213.jpg,2
mildDem214.jpg,2
mildDem215.jpg,2
mildDem216.jpg,2
mildDem217.jpg,2
mildDem218.jpg,2
mildDem219.jpg,2
mildDem22.jpg,2
mildDem220.jpg,2
mildDem221.jpg,2
mildDem222.jpg,2
mildDem223.jpg,2
mildDem224.jpg,2
mildDem225.jpg,2
mildDem226.jpg,2
mildDem227.jpg,2
mildDem228.jpg,2
mildDem229.jpg,2
mildDem23.jpg,2
mildDem230.jpg,2
mildDem231.jpg,2
mildDem232.jpg,2
mildDem233.jpg,2
mildDem234.jpg,2
mildDem235.jpg,2
mildDem236.jpg,2
mildDem237.jpg,2
mildDem238.jpg,2
mildDem239.jpg,2
mildDem24.jpg,2
mildDem240.jpg,2
mildDem241.jpg,2
mildDem242.jpg,2
mildDem243.jpg,2
mildDem244.jpg,2
mildDem245.jpg,2
mildDem246.jpg,2
mildDem247.jpg,2
mildDem248.jpg,2
mildDem249.jpg,2
mildDem25.jpg,2
mildDem250.jpg,2
mildDem251.jpg,2
mildDem252.jpg,2
mildDem253.jpg,2
mildDem254.jpg,2
mildDem255.jpg,2
mildDem256.jpg,2
mildDem257.jpg,2
mildDem258.jpg,2
mildDem259.jpg,2
mildDem26.jpg,2
mildDem260.jpg,2
mildDem261.jpg,2
mildDem262.jpg,2
mildDem263.jpg,2
mildDem264.jpg,2
mildDem265.jpg,2
mildDem266.jpg,2
mildDem267.jpg,2
mildDem268.jpg,2
mildDem269.jpg,2
mildDem27.jpg,2
mildDem270.jpg,2
mildDem271.jpg,2
mildDem272.jpg,2
mildDem273.jpg,2
mildDem274.jpg,2
mildDem275.jpg,2
mildDem276.jpg,2
mildDem277.jpg,2
mildDem278.jpg,2
mildDem279.jpg,2
mildDem28.jpg,2
mildDem280.jpg,2
mildDem281.jpg,2
mildDem282.jpg,2
mildDem283.jpg,2
mildDem284.jpg,2
mildDem285.jpg,2
mildDem286.jpg,2
mildDem287.jpg,2
mildDem288.jpg,2
mildDem289.jpg,2
mildDem29.jpg,2
mildDem290.jpg,2
mildDem291.jpg,2
mildDem292.jpg,2
mildDem293.jpg,2
mildDem294.jpg,2
mildDem295.jpg,2
mildDem296.jpg,2
mildDem297.jpg,2
mildDem298.jpg,2
mildDem299.jpg,2
mildDem3.jpg,2
mildDem30.jpg,2
mildDem300.jpg,2
mildDem301.jpg,2
mildDem302.jpg,2
mildDem303.jpg,2
mildDem304.jpg,2
mildDem305.jpg,2
mildDem306.jpg,2
mildDem307.jpg,2
mildDem308.jpg,2
mildDem309.jpg,2
mildDem31.jpg,2
mildDem310.jpg,2
mildDem311.jpg,2
mildDem312.jpg,2
mildDem313.jpg,2
mildDem314.jpg,2
mildDem315.jpg,2
mildDem316.jpg,2
mildDem317.jpg,2
mildDem318.jpg,2
mildDem319.jpg,2
mildDem32.jpg,2
mildDem320.jpg,2
mildDem321.jpg,2
mildDem322.jpg,2
mildDem323.jpg,2
mildDem324.jpg,2
mildDem325.jpg,2
mildDem326.jpg,2
mildDem327.jpg,2
mildDem328.jpg,2
mildDem329.jpg,2
mildDem33.jpg,2
mildDem330.jpg,2
mildDem331.jpg,2
mildDem332.jpg,2
mildDem333.jpg,2
mildDem334.jpg,2
mildDem335.jpg,2
mildDem336.jpg,2
mildDem337.jpg,2
mildDem338.jpg,2
mildDem339.jpg,2
mildDem34.jpg,2
mildDem340.jpg,2
mildDem341.jpg,2
mildDem342.jpg,2
mildDem343.jpg,2
mildDem344.jpg,2
mildDem345.jpg,2
mildDem346.jpg,2
mildDem347.jpg,2
mildDem348.jpg,2
mildDem349.jpg,2
mildDem35.jpg,2
mildDem350.jpg,2
mildDem351.jpg,2
mildDem352.jpg,2
mildDem353.jpg,2
mildDem354.jpg,2
mildDem355.jpg,2
mildDem356.jpg,2
mildDem357.jpg,2
mildDem358.jpg,2
mildDem359.jpg,2
mildDem36.jpg,2
mildDem360.jpg,2
mildDem361.jpg,2
mildDem362.jpg,2
mildDem363.jpg,2
mildDem364.jpg,2
mildDem365.jpg,2
mildDem366.jpg,2
mildDem367.jpg,2
mildDem368.jpg,2
mildDem369.jpg,2
mildDem37.jpg,2
mildDem370.jpg,2
mildDem371.jpg,2
mildDem372.jpg,2
mildDem373.jpg,2
mildDem374.jpg,2
mildDem375.jpg,2
mildDem376.jpg,2
mildDem377.jpg,2
mildDem378.jpg,2
mildDem379.jpg,2
mildDem38.jpg,2
mildDem380.jpg,2
mildDem381.jpg,2
mildDem382.jpg,2
mildDem383.jpg,2
mildDem384.jpg,2
mildDem385.jpg,2
mildDem386.jpg,2
mildDem387.jpg,2
mildDem388.jpg,2
mildDem389.jpg,2
mildDem39.jpg,2
mildDem390.jpg,2
mildDem391.jpg,2
mildDem392.jpg,2
mildDem393.jpg,2
mildDem394.jpg,2
mildDem395.jpg,2
mildDem396.jpg,2
mildDem397.jpg,2
mildDem398.jpg,2
mildDem399.jpg,2
mildDem4.jpg,2
mildDem40.jpg,2
mildDem400.jpg,2
mildDem401.jpg,2
mildDem402.jpg,2
mildDem403.jpg,2
mildDem404.jpg,2
mildDem405.jpg,2
mildDem406.jpg,2
mildDem407.jpg,2
mildDem408.jpg,2
mildDem409.jpg,2
mildDem41.jpg,2
mildDem410.jpg,2
mildDem411.jpg,2
mildDem412.jpg,2
mildDem413.jpg,2
mildDem414.jpg,2
mildDem415.jpg,2
mildDem416.jpg,2
mildDem417.jpg,2
mildDem418.jpg,2
mildDem419.jpg,2
mildDem42.jpg,2
mildDem420.jpg,2
mildDem421.jpg,2
mildDem422.jpg,2
mildDem423.jpg,2
mildDem424.jpg,2
mildDem425.jpg,2
mildDem426.jpg,2
mildDem427.jpg,2
mildDem428.jpg,2
mildDem429.jpg,2
mildDem43.jpg,2
mildDem430.jpg,2
mildDem431.jpg,2
mildDem432.jpg,2
mildDem433.jpg,2
mildDem434.jpg,2
mildDem435.jpg,2
mildDem436.jpg,2
mildDem437.jpg,2
mildDem438.jpg,2
mildDem439.jpg,2
mildDem44.jpg,2
mildDem440.jpg,2
mildDem441.jpg,2
mildDem442.jpg,2
mildDem443.jpg,2
mildDem444.jpg,2
mildDem445.jpg,2
mildDem446.jpg,2
mildDem447.jpg,2
mildDem448.jpg,2
mildDem449.jpg,2
mildDem45.jpg,2
mildDem450.jpg,2
mildDem451.jpg,2
mildDem452.jpg,2
mildDem453.jpg,2
mildDem454.jpg,2
mildDem455.jpg,2
mildDem456.jpg,2
mildDem457.jpg,2
mildDem458.jpg,2
mildDem459.jpg,2
mildDem46.jpg,2
mildDem460.jpg,2
mildDem461.jpg,2
mildDem462.jpg,2
mildDem463.jpg,2
mildDem464.jpg,2
mildDem465.jpg,2
mildDem466.jpg,2
mildDem467.jpg,2
mildDem468.jpg,2
mildDem469.jpg,2
mildDem47.jpg,2
mildDem470.jpg,2
mildDem471.jpg,2
mildDem472.jpg,2
mildDem473.jpg,2
mildDem474.jpg,2
mildDem475.jpg,2
mildDem476.jpg,2
mildDem477.jpg,2
mildDem478.jpg,2
mildDem479.jpg,2
mildDem48.jpg,2
mildDem480.jpg,2
mildDem481.jpg,2
mildDem482.jpg,2
mildDem483.jpg,2
mildDem484.jpg,2
mildDem485.jpg,2
mildDem486.jpg,2
mildDem487.jpg,2
mildDem488.jpg,2
mildDem489.jpg,2
mildDem49.jpg,2
mildDem490.jpg,2
mildDem491.jpg,2
mildDem492.jpg,2
mildDem493.jpg,2
mildDem494.jpg,2
mildDem495.jpg,2
mildDem496.jpg,2
mildDem497.jpg,2
mildDem498.jpg,2
mildDem499.jpg,2
mildDem5.jpg,2
mildDem50.jpg,2
mildDem500.jpg,2
mildDem501.jpg,2
mildDem502.jpg,2
mildDem503.jpg,2
mildDem504.jpg,2
mildDem505.jpg,2
mildDem506.jpg,2
mildDem507.jpg,2
mildDem508.jpg,2
mildDem509.jpg,2
mildDem51.jpg,2
mildDem510.jpg,2
mildDem511.jpg,2
mildDem512.jpg,2
mildDem513.jpg,2
mildDem514.jpg,2
mildDem515.jpg,2
mildDem516.jpg,2
mildDem517.jpg,2
mildDem518.jpg,2
mildDem519.jpg,2
mildDem52.jpg,2
mildDem520.jpg,2
mildDem521.jpg,2
mildDem522.jpg,2
mildDem523.jpg,2
mildDem524.jpg,2
mildDem525.jpg,2
mildDem526.jpg,2
mildDem527.jpg,2
mildDem528.jpg,2
mildDem529.jpg,2
mildDem53.jpg,2
mildDem530.jpg,2
mildDem531.jpg,2
mildDem532.jpg,2
mildDem533.jpg,2
mildDem534.jpg,2
mildDem535.jpg,2
mildDem536.jpg,2
mildDem537.jpg,2
mildDem538.jpg,2
mildDem539.jpg,2
mildDem54.jpg,2
mildDem540.jpg,2
mildDem541.jpg,2
mildDem542.jpg,2
mildDem543.jpg,2
mildDem544.jpg,2
mildDem545.jpg,2
mildDem546.jpg,2
mildDem547.jpg,2
mildDem548.jpg,2
mildDem549.jpg,2
mildDem55.jpg,2
mildDem550.jpg,2
mildDem551.jpg,2
mildDem552.jpg,2
mildDem553.jpg,2
mildDem554.jpg,2
mildDem56.jpg,2
mildDem57.jpg,2
mildDem58.jpg,2
mildDem59.jpg,2
mildDem6.jpg,2
mildDem60.jpg,2
mildDem61.jpg,2
mildDem62.jpg,2
mildDem63.jpg,2
mildDem64.jpg,2
mildDem65.jpg,2
mildDem66.jpg,2
mildDem67.jpg,2
mildDem68.jpg,2
mildDem69.jpg,2
mildDem7.jpg,2
mildDem70.jpg,2
mildDem71.jpg,2
mildDem72.jpg,2
mildDem73.jpg,2
mildDem74.jpg,2
mildDem75.jpg,2
mildDem76.jpg,2
mildDem77.jpg,2
mildDem78.jpg,2
mildDem79.jpg,2
mildDem8.jpg,2
mildDem80.jpg,2
mildDem81.jpg,2
mildDem82.jpg,2
mildDem83.jpg,2
mildDem84.jpg,2
mildDem85.jpg,2
mildDem86.jpg,2
mildDem87.jpg,2
mildDem88.jpg,2
mildDem89.jpg,2
mildDem9.jpg,2
mildDem90.jpg,2
mildDem91.jpg,2
mildDem92.jpg,2
mildDem93.jpg,2
mildDem94.jpg,2
mildDem95.jpg,2
mildDem96.jpg,2
mildDem97.jpg,2
mildDem98.jpg,2
mildDem99.jpg,2
moderateDem0.jpg,2
moderateDem1.jpg,2
moderateDem10.jpg,2
moderateDem11.jpg,2
moderateDem12.jpg,2
moderateDem13.jpg,2
moderateDem14.jpg,2
moderateDem15.jpg,2
moderateDem16.jpg,2
moderateDem17.jpg,2
moderateDem18.jpg,2
moderateDem19.jpg,2
moderateDem2.jpg,2
moderateDem20.jpg,2
moderateDem21.jpg,2
moderateDem22.jpg,2
moderateDem23.jpg,2
moderateDem24.jpg,2
moderateDem25.jpg,2
moderateDem26.jpg,2
moderateDem27.jpg,2
moderateDem28.jpg,2
moderateDem29.jpg,2
moderateDem3.jpg,2
moderateDem30.jpg,2
moderateDem31.jpg,2
moderateDem32.jpg,2
moderateDem33.jpg,2
moderateDem34.jpg,2
moderateDem35.jpg,2
moderateDem36.jpg,2
moderateDem37.jpg,2
moderateDem38.jpg,2
moderateDem39.jpg,2
moderateDem4.jpg,2
moderateDem5.jpg,2
moderateDem6.jpg,2
moderateDem7.jpg,2
moderateDem8.jpg,2
moderateDem9.jpg,2
